Date,Mkt-RF,SMB,HML,RMW,CMA,RF,Close,Volume,Returns,excess_return
1990-02-01,1.11,1.17,0.64,-0.03,-0.66,0.57,331.8900146484375,2961970000,0.00850279135448318,0.0028027913544831804
1990-03-01,1.83,1.62,-2.92,2.04,-1.02,0.64,339.94000244140625,3283280000,0.023965505779727975,0.017565505779727975
1990-04-01,-3.36,-0.33,-2.59,1.78,-0.98,0.69,330.79998779296875,2801220000,-0.02725521238308934,-0.03415521238308934
1990-05-01,8.42,-2.35,-3.83,1.57,-1.68,0.68,361.2300109863281,3596680000,0.08800097873791163,0.08120097873791163
1990-06-01,-1.09,1.35,-1.93,-1.03,-0.39,0.63,358.0199890136719,3226280000,-0.008926084910209643,-0.015226084910209643
1990-07-01,-1.9,-3.16,-0.03,-0.18,3.21,0.68,356.1499938964844,3373540000,-0.005236846788815325,-0.012036846788815326
1990-08-01,-10.15,-3.87,1.64,-0.35,2.96,0.66,322.55999755859375,4020730000,-0.09906281541277137,-0.10566281541277137
1990-09-01,-6.12,-3.74,0.64,0.06,3.67,0.6,306.04998779296875,2687280000,-0.05254071046276892,-0.058540710462768916
1990-10-01,-1.92,-5.12,0.1,2.97,-0.3,0.68,304.0,3671900000,-0.0067207460051146055,-0.013520746005114607
1990-11-01,6.35,0.07,-3.1,0.65,-4.74,0.57,322.2200012207031,3149770000,0.058206844445033885,0.05250684444503389
1990-12-01,2.46,0.67,-1.7,2.73,-1.89,0.6,330.2200012207031,3116830000,0.024524556849066764,0.018524556849066766
1991-01-01,4.69,3.91,-1.6,1.28,-3.99,0.52,343.92999267578125,3660240000,0.04067902429874777,0.035479024298747774
1991-02-01,7.19,3.94,-0.58,-0.2,-0.33,0.48,367.07000732421875,4303170000,0.06511445851577624,0.06031445851577624
1991-03-01,2.65,3.83,-1.39,-0.53,-1.06,0.44,375.2200012207031,3927920000,0.02195993835391806,0.01755993835391806
1991-04-01,-0.28,0.31,1.5,0.62,0.74,0.53,375.3399963378906,4017200000,0.0003197482375830989,-0.004980251762416901
1991-05-01,3.65,0.14,-0.52,2.0,-2.43,0.47,389.8299865722656,3739700000,0.037878440105439656,0.03317844010543966
1991-06-01,-4.94,0.24,1.15,1.79,0.65,0.42,371.1600036621094,3258730000,-0.04907746586014916,-0.05327746586014916
1991-07-01,4.24,-0.96,-1.32,1.6,-1.36,0.49,387.80999755859375,3481570000,0.04388227631696101,0.03898227631696101
1991-08-01,2.32,1.4,-0.78,0.84,-0.34,0.46,395.42999267578125,3713820000,0.019458239201722228,0.014858239201722228
1991-09-01,-1.59,1.56,-1.08,-1.82,0.08,0.46,387.8599853515625,3260990000,-0.019329349869559535,-0.023929349869559535
1991-10-01,1.29,0.91,-0.47,-1.7,-0.23,0.42,392.45001220703125,4082380000,0.011764759676739433,0.0075647596767394335
1991-11-01,-4.19,-0.83,-1.89,1.11,0.01,0.39,375.2200012207031,3737620000,-0.044896647808736555,-0.048796647808736555
1991-12-01,10.84,-2.4,-4.17,3.55,-3.12,0.38,417.0899963378906,4155310000,0.10578949320065524,0.10198949320065524
1992-01-01,-0.59,9.18,4.71,-1.32,3.2,0.34,408.7799987792969,5286280000,-0.020124906041998382,-0.023524906041998382
1992-02-01,1.09,1.33,6.47,0.08,2.19,0.28,412.70001220703125,4267610000,0.009543855309576457,0.0067438553095764565
1992-03-01,-2.66,-0.93,3.56,-0.01,1.95,0.34,403.69000244140625,4066240000,-0.02207370360663781,-0.02547370360663781
1992-04-01,1.07,-5.7,4.34,1.69,2.23,0.32,414.95001220703125,4315840000,0.02751079773217417,0.024310797732174167
1992-05-01,0.3,0.21,1.19,-0.95,0.48,0.28,415.3500061035156,3643980000,0.00096349251741979,-0.0018365074825802104
1992-06-01,-2.34,-2.73,3.24,-0.05,1.01,0.32,408.1400146484375,4259830000,-0.017511264288296996,-0.020711264288296997
1992-07-01,3.77,-0.62,-0.56,1.3,-0.91,0.31,424.2099914550781,4265220000,0.038618306803876776,0.03551830680387678
1992-08-01,-2.38,-0.42,-1.1,3.72,-1.65,0.26,414.0299987792969,3653820000,-0.024290163475819793,-0.026890163475819795
1992-09-01,1.19,0.48,-0.26,1.64,-0.59,0.26,417.79998779296875,4023850000,0.009064387885347568,0.006464387885347568
1992-10-01,1.02,2.07,-1.98,1.24,-0.79,0.23,418.67999267578125,4507010000,0.002104067588025682,-0.00019593241197431817
1992-11-01,4.13,3.94,-1.35,-0.68,-1.59,0.23,431.3500061035156,4148770000,0.029812952179299218,0.027512952179299218
1992-12-01,1.53,1.68,2.62,-0.48,0.84,0.28,435.7099914550781,4876150000,0.010057025148320268,0.007257025148320268
1993-01-01,0.93,1.93,5.94,-1.84,2.91,0.23,438.7799987792969,5280850000,0.007021280908169157,0.004721280908169157
1993-02-01,0.12,-3.45,6.42,-0.42,4.13,0.22,443.3800048828125,5442450000,0.010429055449634723,0.008229055449634723
1993-03-01,2.3,0.09,1.18,-0.15,0.9,0.25,451.6700134277344,5766950000,0.018524653242830477,0.016024653242830478
1993-04-01,-3.05,-0.85,2.49,-3.61,1.38,0.24,440.19000244140625,5853170000,-0.025745396987600266,-0.028145396987600265
1993-05-01,2.89,1.9,-3.42,-0.12,-1.04,0.22,450.19000244140625,5108640000,0.022463263865183974,0.020263263865183973
1993-06-01,0.31,0.13,2.75,-0.92,1.21,0.25,450.5299987792969,5544400000,0.0007549434975973471,-0.001745056502402653
1993-07-01,-0.34,0.95,2.85,-1.87,2.06,0.24,448.1300048828125,5308530000,-0.005341285007793978,-0.007741285007793978
1993-08-01,3.71,0.1,0.13,-1.54,-0.04,0.25,463.55999755859375,5506200000,0.03385244141081636,0.031352441410816355
1993-09-01,-0.12,2.98,-0.31,0.24,-0.16,0.26,458.92999267578125,5552720000,-0.010038144175098181,-0.012638144175098181
1993-10-01,1.41,1.89,-2.76,0.57,0.6,0.22,467.8299865722656,5940460000,0.019207276337299777,0.017007276337299777
1993-11-01,-1.89,-1.27,-0.74,2.23,-0.94,0.25,461.7900085449219,5876610000,-0.012994692567740804,-0.015494692567740805
1993-12-01,1.65,1.4,0.32,1.16,-0.34,0.23,466.45001220703125,5791210000,0.010040598783038786,0.007740598783038786
1994-01-01,2.87,-0.06,1.15,-1.66,1.43,0.25,481.6099853515625,6627390000,0.03198376790603728,0.029483767906037284
1994-02-01,-2.55,2.67,-1.54,2.14,-1.0,0.21,467.1400146484375,5853100000,-0.030505597516048102,-0.0326055975160481
1994-03-01,-4.78,-1.04,1.6,0.69,1.28,0.27,445.7699890136719,7225010000,-0.04682593067640036,-0.04952593067640036
1994-04-01,0.68,-1.01,1.66,1.07,1.11,0.27,450.9100036621094,5735010000,0.011464671878566653,0.008764671878566652
1994-05-01,0.58,-2.56,0.67,0.6,0.68,0.31,456.5,5675970000,0.012320928865823515,0.009220928865823515
1994-06-01,-3.03,-0.5,1.67,1.21,1.47,0.31,444.2699890136719,5852670000,-0.02715623904644618,-0.030256239046446178
1994-07-01,2.82,-1.85,0.58,-0.65,0.14,0.28,458.260009765625,4980100000,0.031004268952847046,0.028204268952847045
1994-08-01,4.01,1.37,-2.51,0.95,-1.47,0.37,475.489990234375,6398750000,0.03690910079063622,0.03320910079063622
1994-09-01,-2.31,2.8,-1.89,0.52,0.93,0.37,462.7099914550781,6152870000,-0.027245341243997485,-0.030945341243997483
1994-10-01,1.34,-2.3,-1.62,0.23,-0.68,0.38,472.3500061035156,6344700000,0.02061975964867581,0.016819759648675808
1994-11-01,-4.04,0.07,-0.7,0.42,-0.5,0.37,453.69000244140625,6251240000,-0.04030609832475872,-0.04400609832475872
1994-12-01,0.86,0.0,-0.13,0.37,0.38,0.44,459.2699890136719,6351530000,0.012224097678835127,0.007824097678835126
1995-01-01,1.8,-3.06,2.57,0.17,-0.75,0.42,470.4200134277344,6852060000,0.023987692740722114,0.019787692740722115
1995-02-01,3.63,-0.54,1.08,0.59,-0.33,0.4,487.3900146484375,6330100000,0.035438712774815286,0.03143871277481529
1995-03-01,2.19,-0.51,-2.15,-0.17,0.22,0.46,500.7099914550781,7792400000,0.02696242010364243,0.02236242010364243
1995-04-01,2.11,-0.22,1.71,0.41,0.9,0.44,514.7100219726562,6307030000,0.027576603842838925,0.023176603842838924
1995-05-01,2.9,-2.19,2.29,0.39,0.04,0.54,533.4000244140625,7555690000,0.03566797956572486,0.030267979565724856
1995-06-01,2.72,3.06,-2.54,-0.33,-2.44,0.47,544.75,7555650000,0.021055316306170482,0.016355316306170483
1995-07-01,3.72,2.09,-1.62,0.3,-1.65,0.45,562.0599975585938,7307960000,0.03128162759251219,0.02678162759251219
1995-08-01,0.55,1.75,2.79,-1.24,1.62,0.47,561.8800048828125,7146620000,-0.0003202887643984275,-0.005020288764398427
1995-09-01,3.35,-1.88,-0.04,1.03,0.36,0.43,584.4099731445312,7052830000,0.03931443269158869,0.035014432691588694
1995-10-01,-1.52,-4.04,-0.5,1.91,-0.05,0.47,581.5,8043320000,-0.004991773385712522,-0.009691773385712522
1995-11-01,3.96,-1.07,0.51,-0.62,1.12,0.42,605.3699951171875,7602150000,0.04022886132135168,0.03602886132135168
1995-12-01,1.03,0.72,0.22,-1.37,3.1,0.49,615.9299926757812,7697540000,0.017293475541394994,0.012393475541394994
1996-01-01,2.26,-2.56,0.38,0.18,2.31,0.43,636.02001953125,9188050000,0.0320967312736511,0.0277967312736511
1996-02-01,1.33,1.77,-1.08,0.24,-1.9,0.39,640.4299926757812,8749960000,0.006909774215232251,0.0030097742152322506
1996-03-01,0.73,1.61,0.35,1.42,-0.95,0.39,645.5,8984200000,0.007885395976348094,0.003985395976348094
1996-04-01,2.06,4.71,-4.02,-0.14,-2.11,0.46,654.1699829101562,8875580000,0.01334202010570647,0.00874202010570647
1996-05-01,2.36,3.21,-0.83,0.12,-0.3,0.42,669.1199951171875,8921140000,0.02259617855050066,0.01839617855050066
1996-06-01,-1.14,-3.65,2.35,3.51,1.22,0.4,670.6300048828125,7930840000,0.0022541674267919786,-0.0017458325732080215
1996-07-01,-5.97,-3.81,5.14,2.95,2.6,0.45,639.9500122070312,8849860000,-0.04682750899291917,-0.05132750899291917
1996-08-01,2.77,2.57,-0.74,-0.37,-2.42,0.41,651.989990234375,7380320000,0.01863914203076116,0.014539142030761159
1996-09-01,5.01,-1.39,-2.72,1.27,-2.22,0.44,687.3300170898438,8064070000,0.05278534169307636,0.04838534169307636
1996-10-01,0.86,-3.77,4.94,1.4,3.25,0.42,705.27001953125,9703670000,0.025766184810720273,0.021566184810720274
1996-11-01,6.25,-3.8,1.39,2.12,-0.79,0.41,757.02001953125,8763850000,0.07080896305654677,0.06670896305654678
1996-12-01,-1.7,3.25,1.31,0.37,1.49,0.46,740.739990234375,9089170000,-0.021740025620189604,-0.026340025620189604
1997-01-01,4.99,-1.82,-1.42,1.19,-0.02,0.45,786.1599731445312,11635830000,0.059510626546169565,0.05501062654616956
1997-02-01,-0.49,-2.59,5.67,0.67,3.47,0.39,790.8200073242188,9715930000,0.005910091189056064,0.002010091189056064
1997-03-01,-5.03,-0.43,3.39,0.5,1.66,0.43,757.1199951171875,10120760000,-0.04354863618214284,-0.047848636182142835
1997-04-01,4.04,-5.7,0.07,3.26,-0.72,0.43,801.3400268554688,10454880000,0.05676360503236183,0.05246360503236183
1997-05-01,6.74,4.75,-4.13,-1.02,-2.96,0.49,848.280029296875,10106650000,0.05692544457452352,0.052025444574523516
1997-06-01,4.1,1.19,1.58,0.56,0.66,0.37,885.1400146484375,10857950000,0.04253503662890388,0.03883503662890388
1997-07-01,7.33,-2.76,0.26,0.07,-2.58,0.43,954.3099975585938,11958120000,0.07524272255849243,0.07094272255849243
1997-08-01,-4.15,7.61,1.18,-1.11,-0.04,0.41,899.469970703125,10606100000,-0.05918289529406516,-0.06328289529406517
1997-09-01,5.35,2.49,0.37,-1.63,-0.91,0.44,947.280029296875,11383000000,0.05178908254907495,0.04738908254907495
1997-10-01,-3.8,-0.52,2.27,1.0,1.94,0.42,914.6199951171875,14017260000,-0.03508607782077327,-0.03928607782077327
1997-11-01,2.98,-5.11,1.2,2.81,1.84,0.39,955.4000244140625,10173620000,0.04362145338032799,0.03972145338032799
1997-12-01,1.32,-2.03,3.84,0.74,1.92,0.48,970.4299926757812,11958880000,0.015609138181524677,0.010809138181524677
1998-01-01,0.15,-1.36,-1.63,0.87,-0.73,0.43,980.280029296875,12733830000,0.010099010336863458,0.0057990103368634575
1998-02-01,7.04,0.2,-0.85,-0.31,-2.54,0.39,1049.3399658203125,11656550000,0.06807836648858762,0.06417836648858762
1998-03-01,4.76,-0.65,1.39,-0.26,-0.37,0.39,1101.75,13719590000,0.048738462205499475,0.044838462205499474
1998-04-01,0.73,0.0,0.94,-1.69,-0.36,0.43,1111.75,13656060000,0.009035525668709443,0.004735525668709443
1998-05-01,-3.07,-2.95,3.44,1.1,2.61,0.4,1090.8199462890625,11477140000,-0.01900569265965794,-0.02300569265965794
1998-06-01,3.18,-3.66,-1.96,-0.26,-2.97,0.41,1133.8399658203125,13551970000,0.03868041398243032,0.03458041398243032
1998-07-01,-2.46,-5.27,-1.78,1.74,0.45,0.4,1120.6700439453125,14194800000,-0.01168331178413525,-0.015683311784135248
1998-08-01,-16.08,-5.17,3.53,3.37,5.91,0.43,957.280029296875,15071550000,-0.15758607868343158,-0.16188607868343158
1998-09-01,6.15,-0.78,-3.42,-1.88,-2.99,0.46,1017.010009765625,16714080000,0.06052627819818775,0.05592627819818775
1998-10-01,7.13,-3.43,-2.23,0.93,0.31,0.32,1098.6700439453125,18001650000,0.0772334378916789,0.0740334378916789
1998-11-01,6.1,0.75,-3.25,-0.86,-1.18,0.31,1163.6300048828125,13451280000,0.05744403620469628,0.05434403620469628
1998-12-01,6.16,-1.56,-4.19,-0.76,-3.39,0.38,1229.22998046875,15181450000,0.05484350764671907,0.05104350764671907
1999-01-01,3.5,-0.75,-4.6,-2.77,-6.8,0.35,1279.6400146484375,16213500000,0.04019085861548223,0.03669085861548223
1999-02-01,-4.08,-5.22,1.92,-1.23,4.1,0.35,1238.3299560546875,14555860000,-0.03281513760025149,-0.036315137600251485
1999-03-01,3.45,-4.23,-2.74,-4.07,-1.42,0.43,1286.3699951171875,18002500000,0.038060632258911854,0.033760632258911856
1999-04-01,4.33,4.52,2.46,-2.53,0.89,0.37,1335.1800537109375,18523200000,0.03724185997213077,0.033541859972130765
1999-05-01,-2.46,3.71,2.35,0.93,3.34,0.34,1301.8399658203125,15880260000,-0.025287532336114905,-0.028687532336114905
1999-06-01,4.77,2.29,-3.19,1.13,-3.21,0.4,1372.7099609375,16079170000,0.05300823759008801,0.049008237590088016
1999-07-01,-3.49,2.57,-0.44,0.36,3.22,0.38,1328.719970703125,15332930000,-0.0325708089457425,-0.036370808945742496
1999-08-01,-1.38,-1.73,-1.87,-0.24,0.64,0.39,1320.4100341796875,15818550000,-0.006273730443188987,-0.010173730443188988
1999-09-01,-2.79,2.59,-3.49,-0.75,-1.23,0.39,1282.7099609375,16438700000,-0.028967323421100265,-0.03286732342110026
1999-10-01,6.12,-6.91,-3.37,-1.74,-1.19,0.39,1362.9300537109375,18832000000,0.06066183660855315,0.05676183660855315
1999-11-01,3.37,5.8,-6.12,-4.28,-1.74,0.36,1388.9100341796875,18384820000,0.01888245796159326,0.015282457961593263
1999-12-01,7.72,5.39,-8.33,-7.6,-5.63,0.44,1469.25,19640690000,0.05623277504510495,0.05183277504510495
2000-01-01,-4.74,4.42,-1.88,-6.29,4.72,0.41,1394.4599609375,21494400000,-0.05224485096542008,-0.05634485096542008
2000-02-01,2.45,18.28,-9.59,-18.65,-0.48,0.43,1366.4200439453125,20912000000,-0.020313002436901425,-0.024613002436901427
2000-03-01,5.2,-15.32,8.13,11.79,-1.59,0.47,1498.5799560546875,26156200000,0.09232375063667664,0.08762375063667664
2000-04-01,-6.4,-5.01,7.26,7.66,5.65,0.46,1452.4300537109375,20106460000,-0.03127991095339023,-0.03587991095339023
2000-05-01,-4.42,-3.81,4.75,4.13,1.37,0.5,1420.5999755859375,19898300000,-0.02215875239575553,-0.02715875239575553
2000-06-01,4.64,9.92,-8.42,-8.31,-2.95,0.4,1454.5999755859375,21738300000,0.02365163155843237,0.01965163155843237
2000-07-01,-2.51,-1.03,8.31,5.83,2.94,0.48,1430.8299560546875,19089100000,-0.016476267193485265,-0.021276267193485264
2000-08-01,7.03,-1.03,-1.39,-3.22,1.1,0.5,1517.6800537109375,20363700000,0.05892822369153254,0.053928223691532544
2000-09-01,-5.45,0.19,7.17,2.56,5.53,0.51,1436.510009765625,20838300000,-0.05496632087674741,-0.06006632087674741
2000-10-01,-2.76,-2.65,5.71,9.61,3.8,0.56,1429.4000244140625,25951400000,-0.004961774691885913,-0.010561774691885913
2000-11-01,-10.72,-0.58,12.3,13.07,8.43,0.51,1314.949951171875,20532300000,-0.08345618792359105,-0.08855618792359105
2000-12-01,1.19,3.26,7.61,1.71,4.79,0.5,1320.280029296875,23610800000,0.004045252545684775,-0.0009547474543152249
2001-01-01,3.13,5.48,-5.07,-4.69,-5.03,0.54,1366.010009765625,27829800000,0.034050231409260966,0.028650231409260964
2001-02-01,-10.05,2.83,12.47,9.1,9.07,0.38,1239.93994140625,21644400000,-0.09683114482086731,-0.10063114482086731
2001-03-01,-7.26,2.33,6.42,3.35,3.92,0.42,1160.3299560546875,27806610000,-0.06635853454793589,-0.07055853454793588
2001-04-01,7.94,-0.86,-4.67,-3.06,-3.2,0.39,1249.4599609375,25409990000,0.07400701716559067,0.07010701716559067
2001-05-01,0.72,3.6,3.36,0.25,1.91,0.32,1255.8199462890625,24525900000,0.005077276192499077,0.0018772761924990768
2001-06-01,-1.94,6.57,-1.12,1.6,-1.51,0.28,1224.3800048828125,24748030000,-0.025354105491820707,-0.028154105491820708
2001-07-01,-2.13,-2.82,5.21,7.42,3.07,0.3,1211.22998046875,23793710000,-0.010798241319025235,-0.013798241319025236
2001-08-01,-6.46,2.71,2.31,4.05,6.57,0.31,1133.5799560546875,23359200000,-0.06625562852916861,-0.06935562852916861
2001-09-01,-9.25,-5.73,1.45,4.99,3.21,0.28,1040.93994140625,25025290000,-0.08525663276941997,-0.08805663276941997
2001-10-01,2.46,5.27,-7.65,-2.98,-4.55,0.22,1059.780029296875,29951280000,0.01793727226268294,0.015737272262682938
2001-11-01,7.54,-0.31,2.21,-3.73,-1.61,0.17,1139.449951171875,26330000000,0.07248427993671071,0.07078427993671071
2001-12-01,1.6,5.16,0.84,0.34,-0.26,0.15,1148.0799560546875,25128570000,0.007545296609037892,0.006045296609037892
2002-01-01,-1.44,1.26,3.44,4.69,2.84,0.14,1130.199951171875,29746200000,-0.015696378592795636,-0.017096378592795634
2002-02-01,-2.29,-0.36,2.16,8.07,5.11,0.13,1106.72998046875,26047600000,-0.020984861119793335,-0.022284861119793335
2002-03-01,4.24,4.25,1.06,-1.78,0.58,0.13,1147.3900146484375,26563200000,0.036080106667215,0.034780106667215
2002-04-01,-5.2,6.72,3.88,4.56,5.38,0.15,1076.9200439453125,28568900000,-0.0633846547446828,-0.0648846547446828
2002-05-01,-1.38,-3.02,1.53,2.36,2.44,0.14,1067.1400146484375,26905500000,-0.009122969376784574,-0.010522969376784574
2002-06-01,-7.21,3.89,-0.05,3.93,2.51,0.13,989.8200073242188,29981510000,-0.07521434960317877,-0.07651434960317877
2002-07-01,-8.18,-6.43,-3.85,3.79,-0.99,0.15,911.6199951171875,42228720000,-0.08229988459363803,-0.08379988459363803
2002-08-01,0.5,-1.31,3.28,1.36,-1.47,0.14,916.0700073242188,29298400000,0.004869557741769553,0.0034695577417695527
2002-09-01,-10.35,3.08,1.47,3.29,-2.19,0.14,815.280029296875,27723710000,-0.11656114050838795,-0.11796114050838795
2002-10-01,7.84,-4.31,-3.95,-3.39,0.76,0.14,885.760009765625,37856310000,0.08291439611915427,0.08151439611915427
2002-11-01,5.96,2.91,-1.23,-9.2,5.15,0.12,936.3099975585938,29200960000,0.05550057104349944,0.05430057104349944
2002-12-01,-5.76,0.62,2.14,6.29,-1.68,0.11,879.8200073242188,25993640000,-0.06222926619772059,-0.06332926619772059
2003-01-01,-2.57,0.7,-0.83,-0.99,0.69,0.1,855.7000122070312,30749580000,-0.0277974877305516,-0.028797487730551602
2003-02-01,-1.88,-0.93,-1.39,0.83,-0.62,0.09,841.1500244140625,25235300000,-0.01714982949976613,-0.01804982949976613
2003-03-01,1.09,0.65,-1.93,1.87,-0.77,0.1,848.1799926757812,30080030000,0.008322836592988462,0.007322836592988462
2003-04-01,8.22,1.02,1.14,-4.68,1.06,0.1,916.9199829101562,29669610000,0.07792734002637904,0.07692734002637903
2003-05-01,6.05,4.81,0.4,-7.0,2.91,0.09,963.5900268554688,30952100000,0.04964571199782594,0.048745711997825944
2003-06-01,1.42,1.66,0.11,0.51,-0.38,0.1,974.5,31219400000,0.011258598140629074,0.010258598140629075
2003-07-01,2.35,4.54,-1.24,-4.14,1.78,0.07,990.3099975585938,31553200000,0.016093504013478806,0.015393504013478807
2003-08-01,2.34,2.48,1.53,-2.25,2.14,0.07,1008.010009765625,24881470000,0.017715355943955013,0.017015355943955014
2003-09-01,-1.24,0.54,0.16,1.01,0.34,0.08,995.969970703125,29940110000,-0.012016271671429112,-0.012816271671429113
2003-10-01,6.08,2.71,1.97,-1.35,1.55,0.07,1050.7099609375,32298500000,0.05350426070312328,0.05280426070312328
2003-11-01,1.35,2.33,1.78,0.19,1.81,0.07,1058.199951171875,24463220000,0.007103216390662538,0.006403216390662538
2003-12-01,4.29,-2.49,1.6,0.56,0.94,0.08,1111.9200439453125,27839130000,0.04951898497110497,0.04871898497110497
2004-01-01,2.15,2.45,2.49,-3.66,3.38,0.07,1131.1300048828125,32820000000,0.017128847057714995,0.016428847057714996
2004-02-01,1.4,-0.93,0.9,2.17,-1.21,0.06,1144.93994140625,27985600000,0.01213504533610582,0.011535045336105821
2004-03-01,-1.32,2.1,0.27,1.56,-0.98,0.09,1126.2099609375,33597900000,-0.016494204178642544,-0.017394204178642545
2004-04-01,-1.83,-2.01,-3.1,3.45,-2.84,0.08,1107.300048828125,31611900000,-0.016933314713063943,-0.01773331471306394
2004-05-01,1.17,-0.38,-0.25,-1.18,0.03,0.06,1120.6800537109375,29326400000,0.012011028036095873,0.011411028036095873
2004-06-01,1.86,2.56,1.18,1.2,-0.39,0.08,1140.8399658203125,27529500000,0.017829111362111554,0.017029111362111556
2004-07-01,-4.06,-2.95,3.24,5.32,-1.66,0.1,1101.719970703125,29285600000,-0.03489223484716681,-0.03589223484716681
2004-08-01,0.08,-1.13,0.97,1.23,-1.47,0.11,1104.239990234375,26586800000,0.0022847383199045748,0.0011847383199045747
2004-09-01,1.6,3.27,0.0,-1.49,-1.88,0.11,1114.5799560546875,26829870000,0.009320306218269942,0.008220306218269942
2004-10-01,1.43,0.19,-0.22,-0.52,0.49,0.11,1130.199951171875,31511000000,0.013916952102817836,0.012816952102817835
2004-11-01,4.54,4.11,1.41,-0.58,-0.22,0.15,1173.8199462890625,30460280000,0.037868776906828334,0.03636877690682833
2004-12-01,3.43,-0.05,-0.22,-1.16,0.46,0.16,1211.9200439453125,31102500000,0.03194257321148287,0.030342573211482867
2005-01-01,-2.76,-1.17,2.06,2.74,-1.46,0.16,1181.27001953125,31498800000,-0.02561576769530585,-0.02721576769530585
2005-02-01,1.89,-0.31,1.54,1.43,-0.05,0.16,1203.5999755859375,29297410000,0.018726898056026692,0.017126898056026692
2005-03-01,-1.97,-1.42,2.04,0.47,1.29,0.21,1180.5899658203125,39014150000,-0.019302760921690573,-0.021402760921690574
2005-04-01,-2.61,-3.98,0.07,0.97,-0.94,0.21,1156.8499755859375,43424270000,-0.020313511500222595,-0.022413511500222597
2005-05-01,3.65,2.79,-0.64,-1.0,0.3,0.24,1191.5,39321990000,0.029512244489019596,0.027112244489019596
2005-06-01,0.57,3.28,2.83,0.96,-0.51,0.23,1191.3299560546875,40334040000,-0.00014272436450534957,-0.0024427243645053494
2005-07-01,3.92,2.81,-0.79,-1.19,-0.82,0.24,1234.1800537109375,37464670000,0.03533653227186871,0.03293653227186871
2005-08-01,-1.22,-0.89,1.32,-2.05,0.37,0.3,1220.3299560546875,42030090000,-0.011285547502899257,-0.014285547502899256
2005-09-01,0.49,-0.34,0.71,0.27,-0.6,0.29,1228.81005859375,44777510000,0.006924991121193389,0.004024991121193389
2005-10-01,-2.02,-1.45,0.42,-0.93,-1.3,0.27,1207.010009765625,49793790000,-0.017900033906343305,-0.020600033906343306
2005-11-01,3.61,0.84,-1.16,-0.76,-1.14,0.31,1249.47998046875,45102870000,0.0345812139547286,0.0314812139547286
2005-12-01,-0.25,-0.2,0.2,0.21,0.23,0.32,1248.2900390625,41756130000,-0.0009528030899304152,-0.004152803089930416
2006-01-01,3.04,5.75,1.08,-0.64,-0.46,0.35,1280.0799560546875,49211650000,0.025147895607579913,0.021647895607579914
2006-02-01,-0.3,-0.42,-0.34,-0.51,1.91,0.34,1280.6600341796875,42859940000,0.00045305508340120506,-0.002946944916598795
2006-03-01,1.46,3.38,0.6,0.06,-0.41,0.37,1294.8699951171875,50905040000,0.011034703509449961,0.007334703509449961
2006-04-01,0.73,-0.84,2.34,1.8,0.01,0.36,1310.6099853515625,43308430000,0.012082366269225648,0.008482366269225647
2006-05-01,-3.57,-2.85,2.41,1.15,1.46,0.43,1270.0899658203125,54312830000,-0.0314049293203158,-0.0357049293203158
2006-06-01,-0.35,-0.24,0.85,1.32,-0.07,0.4,1270.199951171875,54873260000,8.659275533511337e-05,-0.003913407244664887
2006-07-01,-0.78,-3.63,2.6,1.63,0.9,0.4,1276.6600341796875,46348220000,0.005072989405988439,0.001072989405988439
2006-08-01,2.03,0.44,-2.06,-1.86,2.09,0.42,1303.8199462890625,50485620000,0.021051056620195078,0.01685105662019508
2006-09-01,1.84,-1.46,0.08,0.82,0.6,0.41,1335.8499755859375,49001440000,0.024269399114309694,0.020169399114309695
2006-10-01,3.23,1.98,-0.31,-0.12,0.28,0.41,1377.93994140625,56793620000,0.031021812670560825,0.026921812670560825
2006-11-01,1.71,0.71,0.14,0.15,-0.8,0.42,1400.6300048828125,55343930000,0.016332551131230073,0.012132551131230074
2006-12-01,0.87,-0.81,2.73,-0.72,2.06,0.4,1418.300048828125,47578780000,0.012536866857911234,0.008536866857911234
2007-01-01,1.4,0.07,-0.68,0.25,0.38,0.44,1438.239990234375,56686200000,0.013961131307325757,0.009561131307325756
2007-02-01,-1.96,1.29,-0.14,-0.51,-0.71,0.38,1406.8199462890625,51844990000,-0.022088337053376834,-0.025888337053376835
2007-03-01,0.68,0.2,-0.97,0.64,-0.65,0.43,1420.8599853515625,67622250000,0.009930511784698804,0.005630511784698804
2007-04-01,3.49,-2.04,-1.45,1.15,1.03,0.44,1482.3699951171875,57032470000,0.04237984325323969,0.037979843253239685
2007-05-01,3.24,0.4,-0.65,1.58,-1.36,0.41,1530.6199951171875,64958050000,0.03203072385189615,0.02793072385189615
2007-06-01,-1.96,0.74,-1.05,0.53,0.08,0.4,1503.3499755859375,65322800000,-0.017976943869676052,-0.021976943869676052
2007-07-01,-3.73,-2.99,-3.71,0.2,-1.13,0.4,1455.27001953125,70337430000,-0.03250447118036484,-0.036504471180364845
2007-08-01,0.92,-0.37,-1.86,-1.21,-0.53,0.42,1473.989990234375,91381760000,0.012781539018930576,0.008581539018930575
2007-09-01,3.22,-2.44,-2.21,-0.52,-3.02,0.32,1526.75,57809700000,0.03516829026279035,0.03196829026279035
2007-10-01,1.8,-0.08,-2.98,-0.3,-0.09,0.32,1549.3800048828125,76022580000,0.014713560940170525,0.011513560940170526
2007-11-01,-4.83,-3.02,-0.94,1.89,-0.29,0.34,1481.1400146484375,86246950000,-0.04504278263090341,-0.04844278263090341
2007-12-01,-0.87,0.15,-0.55,0.87,-1.05,0.27,1468.3599853515625,64821670000,-0.008665949670829879,-0.011365949670829878
2008-01-01,-6.36,-0.65,3.97,2.14,2.14,0.21,1378.550048828125,98475340000,-0.0631138642063085,-0.06521386420630851
2008-02-01,-3.09,-0.66,-0.84,0.88,-0.93,0.13,1330.6300048828125,78536130000,-0.03537973959244805,-0.03667973959244805
2008-03-01,-0.93,0.56,0.3,0.79,0.5,0.17,1322.699951171875,93189170000,-0.0059774528264186924,-0.007677452826418693
2008-04-01,4.6,-1.2,-0.94,1.64,-2.47,0.18,1385.5899658203125,85978630000,0.04645095190758541,0.044650951907585404
2008-05-01,1.86,3.02,-1.43,0.93,-0.06,0.18,1400.3800048828125,80990480000,0.010617614807393634,0.008817614807393634
2008-06-01,-8.44,1.18,-2.71,4.96,-0.55,0.17,1280.0,96614040000,-0.08988355391782211,-0.09158355391782211
2008-07-01,-0.77,3.72,5.42,-1.37,1.08,0.15,1267.3800048828125,124980570000,-0.009908296633774068,-0.011408296633774068
2008-08-01,1.53,3.46,1.59,1.86,0.84,0.13,1282.8299560546875,86266010000,0.012116759351493936,0.010816759351493937
2008-09-01,-9.24,0.25,5.91,2.41,1.78,0.15,1166.3599853515625,140007320000,-0.09518076507694331,-0.09668076507694331
2008-10-01,-17.23,-3.34,-2.3,3.04,2.05,0.08,968.75,159823030000,-0.1856364738868827,-0.1864364738868827
2008-11-01,-7.86,-3.89,-6.31,4.53,2.75,0.03,896.239990234375,115660210000,-0.0777983573133054,-0.07809835731330539
2008-12-01,1.74,3.29,0.14,0.06,-1.49,0.0,903.25,112884470000,0.0077911466734982004,0.0077911466734982004
2009-01-01,-8.12,-2.14,-11.29,0.18,-1.17,0.0,825.8800048828125,112090640000,-0.08954987959881684,-0.08954987959881684
2009-02-01,-10.1,-1.32,-6.95,1.19,-1.02,0.01,735.0900268554688,124492210000,-0.11645651319919006,-0.11655651319919007
2009-03-01,8.95,0.67,3.47,-2.52,-2.25,0.02,797.8699951171875,161843640000,0.08195269356125574,0.08175269356125574
2009-04-01,10.18,7.13,5.36,1.31,0.13,0.01,872.8099975585938,138855320000,0.08977221824359974,0.08967221824359974
2009-05-01,5.21,-2.32,0.28,-0.78,-2.17,0.0,919.1400146484375,131614940000,0.051720577155174065,0.051720577155174065
2009-06-01,0.43,2.29,-2.73,-1.41,-0.33,0.01,919.3200073242188,112653150000,0.0001958080939538299,9.58080939538299e-05
2009-07-01,7.72,2.39,4.83,-0.46,3.14,0.01,987.47998046875,106635790000,0.07152194934301422,0.07142194934301421
2009-08-01,3.33,-0.09,7.63,-3.02,3.34,0.01,1020.6199951171875,116059270000,0.03300933634285532,0.03290933634285532
2009-09-01,4.08,2.73,1.05,1.31,0.36,0.01,1057.0799560546875,112295490000,0.03510006736774632,0.035000067367746315
2009-10-01,-2.59,-4.93,-4.21,4.17,-1.51,0.0,1036.18994140625,113410990000,-0.01995988019711955,-0.01995988019711955
2009-11-01,5.56,-2.68,-0.34,1.0,0.12,0.0,1095.6300048828125,84981530000,0.055779076586737225,0.055779076586737225
2009-12-01,2.75,6.24,-0.17,1.02,-0.09,0.01,1115.0999755859375,89515330000,0.017614520350300044,0.017514520350300045
2010-01-01,-3.36,0.34,0.43,-1.27,0.46,0.0,1073.8699951171875,90947580000,-0.0376751237121947,-0.0376751237121947
2010-02-01,3.4,1.51,3.23,-0.27,1.43,0.0,1104.489990234375,84561340000,0.028114739741840464,0.028114739741840464
2010-03-01,6.31,1.85,2.21,-0.65,1.69,0.01,1169.4300537109375,103683550000,0.0571328154163926,0.057032815416392595
2010-04-01,2.0,4.98,2.89,0.69,1.72,0.01,1186.68994140625,116741910000,0.014651373006918428,0.014551373006918429
2010-05-01,-7.89,0.04,-2.44,1.3,-0.21,0.01,1089.4100341796875,127662780000,-0.08553157288349063,-0.08563157288349063
2010-06-01,-5.57,-2.47,-4.7,-0.16,-1.55,0.01,1030.7099609375,110106750000,-0.055388449405503734,-0.05548844940550374
2010-07-01,6.93,0.12,-0.31,0.24,2.01,0.01,1101.5999755859375,94778110000,0.066515799010857,0.066415799010857
2010-08-01,-4.77,-3.15,-1.9,0.53,-1.59,0.01,1049.3299560546875,85738250000,-0.048611822887418846,-0.04871182288741885
2010-09-01,9.54,3.75,-3.16,-0.21,0.38,0.01,1141.199951171875,79589450000,0.08392847418803404,0.08382847418803403
2010-10-01,3.88,0.8,-2.43,1.19,-0.26,0.01,1183.260009765625,89536270000,0.03619305175049079,0.03609305175049079
2010-11-01,0.6,3.67,-0.96,0.45,1.59,0.01,1180.550048828125,87151070000,-0.0022928763797244473,-0.002392876379724447
2010-12-01,6.82,1.03,3.7,-3.44,3.16,0.01,1257.6400146484375,80984530000,0.06325648750899807,0.06315648750899806
2011-01-01,1.99,-2.43,0.83,-0.76,0.83,0.01,1286.1199951171875,92164940000,0.022392969812412192,0.022292969812412192
2011-02-01,3.49,1.65,1.27,-1.94,0.88,0.01,1327.219970703125,59223660000,0.03145657676282469,0.03135657676282469
2011-03-01,0.46,2.62,-1.83,1.76,-0.03,0.01,1325.8299560546875,89507640000,-0.0010478617545838823,-0.0011478617545838824
2011-04-01,2.9,-0.55,-2.43,1.01,-0.8,0.0,1363.6099853515625,77364810000,0.028096938770245248,0.028096938770245248
2011-05-01,-1.27,-0.63,-2.12,2.08,-1.59,0.0,1345.199951171875,81708980000,-0.013592919455284002,-0.013592919455284002
2011-06-01,-1.75,0.16,-0.42,2.49,-1.53,0.0,1320.6400146484375,86122730000,-0.018426185911932576,-0.018426185911932576
2011-07-01,-2.35,-1.2,-0.9,2.68,-1.81,0.0,1292.280029296875,81102170000,-0.02170835585666382,-0.02170835585666382
2011-08-01,-5.99,-3.2,-2.36,3.3,-0.38,0.01,1218.8900146484375,108419170000,-0.05846750227195686,-0.05856750227195686
2011-09-01,-7.59,-3.66,-1.72,2.04,0.24,0.0,1131.4200439453125,102786820000,-0.0744671007197857,-0.0744671007197857
2011-10-01,11.35,3.46,0.1,-2.16,-0.86,0.0,1253.300048828125,98063670000,0.10230659176938868,0.10230659176938868
2011-11-01,-0.28,-0.28,-0.46,1.86,1.49,0.0,1246.9599609375,84275050000,-0.005071553722512535,-0.005071553722512535
2011-12-01,0.74,-0.33,1.63,0.98,2.52,0.0,1257.5999755859375,74742430000,0.008496565407114517,0.008496565407114517
2012-01-01,5.05,2.06,-0.97,-2.01,-1.43,0.0,1312.4100341796875,79567560000,0.042660044467807356,0.042660044467807356
2012-02-01,4.42,-1.71,0.43,-0.48,-0.01,0.0,1365.6800537109375,78385710000,0.03978734467204456,0.03978734467204456
2012-03-01,3.11,-0.47,1.14,-0.54,0.74,0.0,1408.469970703125,83899660000,0.03085147563299614,0.03085147563299614
2012-04-01,-0.85,-0.55,-0.78,1.3,0.65,0.0,1397.9100341796875,74761710000,-0.007525699544988767,-0.007525699544988767
2012-05-01,-6.19,-0.12,-1.07,2.08,2.31,0.01,1310.3299560546875,86920490000,-0.06469930815862472,-0.06479930815862472
2012-06-01,3.89,0.84,0.62,-1.09,0.46,0.0,1362.1600341796875,81582440000,0.03879271987369995,0.03879271987369995
2012-07-01,0.79,-2.78,-0.02,1.1,0.05,0.0,1379.3199462890625,73103810000,0.01251888494028272,0.01251888494028272
2012-08-01,2.55,0.44,1.3,-1.33,-0.84,0.01,1406.5799560546875,70283810000,0.01957060970187109,0.019470609701871092
2012-09-01,2.73,0.61,1.6,-1.49,1.55,0.01,1440.6700439453125,69784280000,0.023947118796254597,0.023847118796254597
2012-10-01,-1.76,-0.89,3.59,-1.34,2.5,0.01,1412.1600341796875,71752320000,-0.019987842358050206,-0.020087842358050206
2012-11-01,0.78,0.46,-0.84,0.6,0.84,0.01,1416.1800537109375,71489310000,0.0028426724604567314,0.0027426724604567316
2012-12-01,1.18,1.89,3.51,-1.85,0.91,0.01,1426.18994140625,66388180000,0.0070433681007134085,0.006943368100713408
2013-01-01,5.57,0.48,0.96,-1.93,1.41,0.0,1498.1099853515625,75848510000,0.04919779199874611,0.04919779199874611
2013-02-01,1.29,-0.25,0.11,-0.67,0.52,0.0,1514.6800537109375,69273480000,0.010999927126354463,0.010999927126354463
2013-03-01,4.03,0.85,-0.19,0.14,1.38,0.0,1569.18994140625,68527110000,0.035355294329704884,0.035355294329704884
2013-04-01,1.55,-2.25,0.45,0.27,0.37,0.0,1597.5699462890625,77098000000,0.017924165836652507,0.017924165836652507
2013-05-01,2.8,2.06,2.63,-1.97,-0.87,0.0,1630.739990234375,76447250000,0.020550202383511563,0.020550202383511563
2013-06-01,-1.2,1.57,0.03,-0.38,0.0,0.0,1606.280029296875,74946790000,-0.015112928770280075,-0.015112928770280075
2013-07-01,5.65,1.81,0.57,-1.35,0.51,0.0,1685.72998046875,68106820000,0.04827772805178804,0.04827772805178804
2013-08-01,-2.71,-0.06,-2.69,0.66,-2.16,0.0,1632.969970703125,64802810000,-0.03179826803794541,-0.03179826803794541
2013-09-01,3.77,2.63,-1.22,-0.58,-1.36,0.0,1681.550048828125,66174410000,0.02931559136642498,0.02931559136642498
2013-10-01,4.18,-1.48,1.25,2.78,0.87,0.0,1756.5400390625,76647400000,0.04362997111283392,0.04362997111283392
2013-11-01,3.13,1.41,0.32,0.14,0.04,0.0,1805.81005859375,63628190000,0.02766328977323541,0.02766328977323541
2013-12-01,2.81,-0.45,-0.02,-0.46,0.09,0.0,1848.3599853515625,64958820000,0.0232894744820535,0.0232894744820535
2014-01-01,-3.32,0.58,-2.07,-3.88,-1.42,0.0,1782.5899658203125,75871910000,-0.0362314077760193,-0.0362314077760193
2014-02-01,4.65,0.14,-0.31,-0.23,-0.45,0.0,1859.449951171875,69725590000,0.042213375072275613,0.042213375072275613
2014-03-01,0.43,-1.09,4.93,2.13,1.92,0.0,1872.3399658203125,71885030000,0.006908248426944213,0.006908248426944213
2014-04-01,-0.19,-4.12,1.17,3.48,1.02,0.0,1883.949951171875,71595810000,0.0061816433655846855,0.0061816433655846855
2014-05-01,2.06,-1.89,-0.13,0.05,-1.0,0.0,1923.5699462890625,63623630000,0.020812196013358243,0.020812196013358243
2014-06-01,2.61,3.11,-0.7,-1.89,-2.0,0.0,1960.22998046875,63283380000,0.018878996713560546,0.018878996713560546
2014-07-01,-2.04,-4.29,0.03,0.89,0.52,0.0,1930.6700439453125,66524690000,-0.01519468763799153,-0.01519468763799153
2014-08-01,4.24,0.31,-0.45,-0.64,-0.7,0.0,2003.3699951171875,58131140000,0.03696364440798924,0.03696364440798924
2014-09-01,-1.97,-3.72,-1.34,1.3,-0.51,0.0,1972.2900390625,66706000000,-0.01563543610528987,-0.01563543610528987
2014-10-01,2.52,3.73,-1.81,-0.57,-0.11,0.0,2018.050048828125,93714040000,0.022936398829564386,0.022936398829564386
2014-11-01,2.55,-2.28,-3.09,1.5,0.27,0.0,2067.56005859375,63600190000,0.024237473563306713,0.024237473563306713
2014-12-01,-0.06,2.86,2.27,-1.22,0.96,0.0,2058.89990234375,80743820000,-0.004197384221126008,-0.004197384221126008
2015-01-01,-3.11,-0.92,-3.58,1.61,-1.65,0.0,1994.989990234375,77330040000,-0.031532779266425476,-0.031532779266425476
2015-02-01,6.13,0.32,-1.86,-1.12,-1.82,0.0,2104.5,68775560000,0.053438876325627216,0.053438876325627216
2015-03-01,-1.12,3.07,-0.37,0.09,-0.52,0.0,2067.889892578125,76675850000,-0.017549197433963104,-0.017549197433963104
2015-04-01,0.59,-3.09,1.82,0.06,-0.61,0.0,2085.510009765625,72060940000,0.008484722544635536,0.008484722544635536
2015-05-01,1.36,0.83,-1.14,-1.79,-0.74,0.0,2107.389892578125,65187730000,0.010436729675336851,0.010436729675336851
2015-06-01,-1.53,2.9,-0.79,0.44,-1.58,0.0,2063.110107421875,73213980000,-0.021235558871758677,-0.021235558871758677
2015-07-01,1.54,-4.55,-4.13,0.3,-2.41,0.0,2103.840087890625,77920590000,0.019549682990019603,0.019549682990019603
2015-08-01,-6.04,0.25,2.77,0.68,1.19,0.0,1972.1800537109375,84626790000,-0.06462473099312395,-0.06462473099312395
2015-09-01,-3.07,-2.79,0.56,1.77,-0.58,0.0,1920.030029296875,79989370000,-0.02679873096346286,-0.02679873096346286
2015-10-01,7.75,-2.07,-0.46,0.88,0.52,0.0,2079.360107421875,85844900000,0.07971937954339872,0.07971937954339872
2015-11-01,0.56,3.31,-0.42,-2.75,-0.99,0.0,2080.409912109375,75943590000,0.0005047417068051869,0.0005047417068051869
2015-12-01,-2.17,-2.99,-2.61,0.5,-0.02,0.01,2043.93994140625,83649260000,-0.01768565839025723,-0.01778565839025723
2016-01-01,-5.77,-3.47,2.09,2.82,3.08,0.01,1940.239990234375,92409770000,-0.052067617305496784,-0.05216761730549679
2016-02-01,-0.07,0.88,-0.57,3.25,2.02,0.02,1932.22998046875,93049560000,-0.00413690551499243,-0.00433690551499243
2016-03-01,6.96,1.07,1.19,0.77,-0.08,0.02,2059.739990234375,92639420000,0.06390499028682897,0.06370499028682897
2016-04-01,0.91,1.23,3.28,-2.97,1.9,0.01,2065.300048828125,81124990000,0.0026957614511553935,0.0025957614511553937
2016-05-01,1.78,-0.61,-1.66,-1.09,-2.48,0.01,2096.949951171875,78883600000,0.015208366810523843,0.015108366810523844
2016-06-01,-0.05,0.45,-1.48,1.4,1.94,0.02,2098.860107421875,86852700000,0.0009105066031534965,0.0007105066031534965
2016-07-01,3.95,2.48,-1.32,1.26,-1.18,0.02,2173.60009765625,69530250000,0.03499043269105408,0.03479043269105408
2016-08-01,0.49,1.68,3.18,-1.85,-0.34,0.02,2170.949951171875,75610310000,-0.0012199867803522136,-0.0014199867803522137
2016-09-01,0.25,1.85,-1.24,-2.21,0.03,0.02,2168.27001953125,77023620000,-0.0012352137017536324,-0.0014352137017536325
2016-10-01,-2.02,-4.02,4.09,0.93,0.28,0.02,2126.14990234375,72915530000,-0.019616837043472765,-0.019816837043472764
2016-11-01,4.86,7.07,8.21,-0.18,3.7,0.01,2198.81005859375,88445380000,0.033603545044434316,0.03350354504443431
2016-12-01,1.82,0.41,3.53,1.22,-0.23,0.03,2238.830078125,75344550000,0.01803711129927909,0.017737111299279087
2017-01-01,1.94,-1.46,-2.75,-0.49,-0.99,0.04,2278.8701171875,70576420000,0.017726314621062854,0.017326314621062853
2017-02-01,3.57,-2.22,-1.67,0.47,-1.83,0.04,2363.639892578125,69260940000,0.03652300073827695,0.036123000738276956
2017-03-01,0.17,0.74,-3.35,0.61,-0.94,0.03,2362.719970703125,81664010000,-0.00038927289213133893,-0.000689272892131339
2017-04-01,1.09,0.48,-2.13,1.9,-1.6,0.05,2384.199951171875,65369860000,0.0090501324781982,0.0085501324781982
2017-05-01,1.06,-3.06,-3.78,0.95,-1.79,0.06,2411.800048828125,79719460000,0.011509759110980618,0.010909759110980619
2017-06-01,0.78,2.58,1.48,-2.22,0.0,0.06,2423.409912109375,81078810000,0.004802226040503879,0.004202226040503879
2017-07-01,1.87,-1.69,-0.31,-0.64,-0.2,0.07,2470.300048828125,63348090000,0.01916401754710087,0.01846401754710087
2017-08-01,0.16,-1.82,-2.09,0.14,-2.38,0.09,2471.64990234375,70784900000,0.0005462837796946754,-0.00035371622030532456
2017-09-01,2.51,4.78,3.14,-1.47,1.69,0.09,2519.360107421875,66624120000,0.01911903935235539,0.018219039352355387
2017-10-01,2.25,-1.94,0.2,0.93,-3.25,0.09,2575.260009765625,71088550000,0.021945560031841664,0.021045560031841663
2017-11-01,3.12,-0.33,-0.03,3.16,-0.05,0.08,2647.580078125,73416960000,0.02769554104663445,0.026895541046634452
2017-12-01,1.06,-1.07,0.06,0.74,1.69,0.09,2673.610107421875,65531700000,0.009783614574871227,0.008883614574871227
2018-01-01,5.57,-3.18,-1.29,-0.76,-0.96,0.12,2823.81005859375,77318690000,0.05465739835832857,0.05345739835832857
2018-02-01,-3.65,0.32,-1.04,0.52,-2.37,0.11,2713.830078125,79933970000,-0.0397261075980839,-0.040826107598083895
2018-03-01,-2.35,3.59,-0.21,-0.46,0.01,0.11,2640.8701171875,76803890000,-0.02725249736693992,-0.02835249736693992
2018-04-01,0.28,0.93,0.54,-2.42,1.3,0.14,2648.050048828125,70194700000,0.002715085811824473,0.0013150858118244728
2018-05-01,2.65,4.73,-3.2,-2.04,-1.5,0.14,2705.27001953125,76011820000,0.021378191183066175,0.019978191183066173
2018-06-01,0.48,0.8,-2.34,0.79,0.24,0.14,2718.3701171875,77891360000,0.004830749386570285,0.0034307493865702848
2018-07-01,3.19,-1.93,0.47,1.56,0.35,0.16,2816.2900390625,64898300000,0.035387950737524286,0.03378795073752429
2018-08-01,3.44,0.64,-3.94,-0.31,-2.7,0.16,2901.52001953125,69523070000,0.029814314524382428,0.028214314524382427
2018-09-01,0.06,-2.48,-1.7,0.63,1.29,0.15,2913.97998046875,63031510000,0.004285093286333627,0.002785093286333627
2018-10-01,-7.68,-4.46,3.4,0.94,3.59,0.19,2711.739990234375,91930980000,-0.07192934595429683,-0.07382934595429683
2018-11-01,1.69,-0.77,0.3,-0.55,0.39,0.18,2760.169921875,80620020000,0.017701752056117587,0.015901752056117588
2018-12-01,-9.57,-2.88,-1.84,-0.02,0.21,0.2,2506.85009765625,84162180000,-0.09626521985789901,-0.09826521985789902
2019-01-01,8.4,3.03,-0.46,-0.8,-1.51,0.21,2704.10009765625,80859870000,0.07574215198675599,0.07364215198675599
2019-02-01,3.4,1.74,-2.67,0.12,-1.59,0.18,2784.489990234375,70638770000,0.029295553365402384,0.027495553365402384
2019-03-01,1.1,-3.51,-4.17,0.9,-0.95,0.19,2834.39990234375,79159660000,0.017765510890228747,0.015865510890228748
2019-04-01,3.97,-1.17,2.15,1.61,-2.22,0.21,2945.830078125,70090370000,0.03856039741757082,0.036460397417570824
2019-05-01,-6.94,-1.59,-2.37,-0.46,1.77,0.21,2752.06005859375,77250740000,-0.06804089408287398,-0.07014089408287398
2019-06-01,6.93,0.37,-0.71,0.9,-0.44,0.18,2941.760009765625,71250630000,0.06665830156302614,0.06485830156302615
2019-07-01,1.19,-1.78,0.48,-0.08,0.36,0.19,2980.3798828125,70599470000,0.01304272483370528,0.01114272483370528
2019-08-01,-2.58,-3.24,-4.78,0.56,-0.68,0.16,2926.4599609375,80269220000,-0.018257281743262237,-0.019857281743262237
2019-09-01,1.43,0.27,6.75,1.84,3.37,0.18,2976.739990234375,74178980000,0.01703525059107193,0.01523525059107193
2019-10-01,2.06,0.26,-1.91,0.44,-0.96,0.16,3037.56005859375,77720640000,0.020225842153317446,0.018625842153317446
2019-11-01,3.87,0.44,-2.02,-1.59,-1.24,0.12,3140.97998046875,72410620000,0.033480266071378155,0.032280266071378155
2019-12-01,2.77,0.97,1.75,0.01,1.24,0.14,3230.780029296875,72325540000,0.028188756298542148,0.026788756298542146
2020-01-01,-0.11,-4.38,-6.25,-1.17,-2.32,0.13,3225.52001953125,77287980000,-0.0016294196024425806,-0.0029294196024425806
2020-02-01,-8.13,0.04,-3.81,-1.47,-2.51,0.12,2954.219970703125,84436590000,-0.08785953690838776,-0.08905953690838776
2020-03-01,-13.39,-8.28,-13.87,-1.57,1.24,0.13,2584.590087890625,162185380000,-0.1336677246703745,-0.1349677246703745
2020-04-01,13.65,2.56,-1.33,2.72,-1.0,0.0,2912.429931640625,123608160000,0.11942083876017671,0.11942083876017671
2020-05-01,5.58,1.97,-4.88,0.95,-3.26,0.01,3044.31005859375,107135190000,0.04428653294909693,0.04418653294909693
2020-06-01,2.46,1.96,-2.2,0.09,0.54,0.01,3100.2900390625,131458880000,0.018221374356719156,0.018121374356719157
2020-07-01,5.77,-3.2,-1.41,0.41,1.02,0.01,3271.1201171875,96928130000,0.053636801634505855,0.05353680163450585
2020-08-01,7.63,-0.89,-2.97,4.28,-1.19,0.01,3500.31005859375,82466520000,0.06771908300435733,0.06761908300435733
2020-09-01,-3.63,0.01,-2.71,-1.36,-1.85,0.01,3363.0,92310780000,-0.04001811998317809,-0.040118119983178095
2020-10-01,-2.1,4.64,4.25,-0.83,-0.78,0.01,3269.9599609375,89938980000,-0.028055692285554126,-0.028155692285554125
2020-11-01,12.47,7.12,2.09,-2.2,1.39,0.01,3621.6298828125,101247180000,0.10214642790660017,0.10204642790660017
2020-12-01,4.63,4.79,-1.51,-1.96,-0.12,0.01,3756.070068359375,96375680000,0.03644904784059159,0.036349047840591585
2021-01-01,-0.03,6.94,3.01,-3.78,4.94,0.01,3714.239990234375,106117800000,-0.0111991376508885,-0.0112991376508885
2021-02-01,2.78,4.54,7.15,0.39,-1.94,0.0,3811.14990234375,99082320000,0.02575687667253664,0.02575687667253664
2021-03-01,3.08,-0.88,7.39,6.37,3.42,0.0,3972.889892578125,122371150000,0.041562807282546625,0.041562807282546625
2021-04-01,4.93,-3.16,-0.95,2.44,-2.7,0.0,4181.169921875,83124090000,0.05109733046805641,0.05109733046805641
2021-05-01,0.29,1.22,7.09,2.45,3.04,0.0,4204.10986328125,88321860000,0.00547149271672327,0.00547149271672327
2021-06-01,2.75,-0.34,-7.87,-2.14,-0.94,0.0,4297.5,102544180000,0.021970872566122474,0.021970872566122474
2021-07-01,1.27,-4.61,-1.78,5.46,-0.52,0.0,4395.259765625,84255620000,0.022493175922251307,0.022493175922251307
2021-08-01,2.91,-0.68,-0.15,-0.28,-1.79,0.0,4522.68017578125,80500760000,0.028578143159792575,0.028578143159792575
2021-09-01,-4.37,1.12,5.08,-1.95,2.1,0.0,4307.5400390625,85528860000,-0.04873779278283316,-0.04873779278283316
2021-10-01,6.65,-2.7,-0.49,1.66,-1.45,0.0,4605.3798828125,80253600000,0.0668581752839893,0.0668581752839893
2021-11-01,-1.55,-1.77,-0.45,7.2,1.73,0.0,4567.0,88268840000,-0.008368625655205266,-0.008368625655205266
2021-12-01,3.1,-0.8,3.26,4.91,4.4,0.01,4766.18017578125,92750180000,0.04268864816139665,0.042588648161396646
2022-01-01,-6.25,-4.06,12.75,0.85,7.73,0.0,4515.5498046875,95562890000,-0.05401822999928342,-0.05401822999928342
2022-02-01,-2.29,2.92,3.09,-2.09,3.12,0.0,4373.93994140625,92667710000,-0.03186276102171146,-0.03186276102171146
2022-03-01,3.05,-2.17,-1.81,-1.52,3.15,0.01,4530.41015625,123546260000,0.035148286271522736,0.03504828627152273
2022-04-01,-9.46,-0.39,6.16,3.52,5.89,0.01,4131.93017578125,90367840000,-0.09206782490742232,-0.09216782490742233
2022-05-01,-0.34,-0.06,8.39,1.56,3.97,0.03,4132.14990234375,108860390000,5.3176290760624664e-05,-0.0002468237092393753
2022-06-01,-8.43,1.3,-5.97,1.81,-4.69,0.06,3785.3798828125,106116710000,-0.08765158180481791,-0.08825158180481792
2022-07-01,9.57,1.83,-4.05,0.82,-6.84,0.08,4130.2900390625,81688320000,0.08720138468971587,0.08640138468971588
2022-08-01,-3.77,1.52,0.29,-4.75,1.29,0.19,3955.0,92252350000,-0.04336703066340545,-0.04526703066340545
2022-09-01,-9.35,-1.05,0.05,-1.51,-0.8,0.19,3585.6201171875,94241020000,-0.09804916662099257,-0.09994916662099257
2022-10-01,7.83,1.9,8.02,3.34,6.63,0.23,3871.97998046875,95823760000,0.07683456446885563,0.07453456446885563
2022-11-01,4.6,-2.73,1.39,6.38,3.18,0.29,4080.110107421875,92671910000,0.05235797609764905,0.04945797609764905
2022-12-01,-6.41,-0.16,1.36,0.26,4.21,0.33,3839.5,85249330000,-0.060781825376668173,-0.06408182537666818
2023-01-01,6.65,4.4,-4.02,-2.43,-4.47,0.35,4076.60009765625,80763810000,0.05992118183434968,0.056421181834349673
2023-02-01,-2.58,0.66,-0.81,1.01,-1.33,0.34,3970.14990234375,80392280000,-0.02645947885979313,-0.02985947885979313
2023-03-01,2.51,-6.94,-8.86,2.24,-2.37,0.36,4109.31005859375,113094800000,0.03445129269826359,0.030851292698263588
2023-04-01,0.61,-2.56,-0.04,2.42,2.86,0.35,4169.47998046875,70861260000,0.0145361776495622,0.0110361776495622
2023-05-01,0.35,-0.38,-7.72,-1.81,-7.22,0.36,4179.830078125,88929200000,0.0024792714332724764,-0.0011207285667275235
2023-06-01,6.46,1.34,-0.26,2.19,-1.61,0.4,4450.3798828125,87983140000,0.06271886491464175,0.05871886491464175
2023-07-01,3.21,2.86,4.11,-0.57,0.57,0.45,4588.9599609375,75063200000,0.03066395090770391,0.02616395090770391
2023-08-01,-2.39,-3.65,-1.06,3.44,-2.36,0.45,4507.66015625,86840820000,-0.017875203842993896,-0.022375203842993897
2023-09-01,-5.24,-1.81,1.51,1.87,-0.82,0.43,4288.0498046875,73482980000,-0.04994616792328207,-0.05424616792328207
2023-10-01,-3.19,-4.05,0.18,2.47,-0.65,0.47,4193.7998046875,83519460000,-0.022224841001403373,-0.026924841001403372
2023-11-01,8.84,-0.11,1.65,-3.92,-1.0,0.44,4567.7998046875,80970570000,0.0854244482007529,0.0810244482007529
2023-12-01,4.87,7.33,4.95,-3.07,1.31,0.43,4769.830078125,81530670000,0.04327903543160833,0.038979035431608335
2024-01-01,0.7,-5.74,-2.38,0.69,-0.95,0.47,4845.64990234375,81737880000,0.015770693886425723,0.011070693886425724
2024-02-01,5.06,-0.78,-3.49,-1.99,-2.14,0.42,5096.27001953125,82066930000,0.050427528312771974,0.04622752831277197
2024-03-01,2.83,-1.16,4.2,1.49,1.17,0.43,5254.35009765625,86299510000,0.03054742011174303,0.026247420111743032
2024-04-01,-4.67,-2.55,-0.52,1.49,-0.3,0.47,5035.68994140625,81747170000,-0.04250577768147858,-0.047205777681478586
2024-05-01,4.34,0.59,-1.33,3.21,-2.87,0.44,5277.509765625,86849720000,0.04690380530435967,0.04250380530435967
