Date,Healthcare,Industrials,Technology,Consumer Cyclical,Financial Services,Consumer Defensive,Utilities,Basic Materials,Real Estate,Energy,Communication Services
1990-02-01,0.009781211513161865,0.03875771587057938,0.07805049353871801,0.011092857570996035,0.020171555786126727,0.011506738676646044,-0.004710480938892635,0.0022786185660574262,-0.05229875318362762,0.02041223996020951,0.007496166195226141
1990-03-01,0.02639719762124433,0.04445604764874339,0.056320019915744535,0.07813220042929467,-0.0018173434137872333,0.06862523061598814,-0.003394130287205195,0.04319414002843362,-0.002047194650075214,0.012496109321813742,0.0037989901792430123
1990-04-01,0.011780216267661339,-0.02496955854069971,-0.018939984129921806,-0.06930956054260413,-0.041013145768138824,0.004451016409500544,-0.06596621938459861,-0.05343402480827977,-0.03894230503075537,-0.060262928142939313,0.038207348614290156
1990-05-01,0.12905268902034947,0.064735834454141,0.1403027335109525,0.08699541244538155,0.07852992890982842,0.10913517166961069,0.04322229190640009,0.08917998128147665,0.02888638035080046,0.07804973281859927,0.11661822360347962
1990-06-01,0.025087901386104276,0.003791056907596462,0.005242183872420939,-0.024324090928007584,-0.017531811787645523,0.03461199606969084,0.010370195769244103,-0.014776096387766391,-0.010620011299453141,-0.025628335152679704,-0.011440672454780884
1990-07-01,0.014293986933949754,-0.030749290227437994,-0.1057225735677841,-0.07375280338278449,-0.03593447081468152,-0.007832062325666527,0.015888772189241854,0.040312329027236804,-0.032900897598248414,0.060218759846931584,-0.06270999090078347
1990-08-01,-0.10198737267245116,-0.14385573906216506,-0.1627680963740568,-0.16603196129514303,-0.10489897352701506,-0.08530585265778483,-0.078314764714699,-0.14500858319408996,-0.10825625759977298,-0.022657706305655598,-0.10139048791178873
1990-09-01,-0.06914217041793265,-0.05507415842754303,-0.11793780042909843,-0.17057068312363852,-0.12976169690918474,-0.058396254235686194,-0.02773969234890124,-0.06822432938385625,-0.1200235006033765,0.01298639194814063,-0.09935258758675936
1990-10-01,0.016056240020032846,-0.03839166501814488,-0.038350516695790066,-0.04880665203329855,-0.05464816580703309,-0.004193883035817139,0.07549916138518972,-0.013421938676237626,-0.03858763730013281,-0.043057253596208746,-0.018957593718809475
1990-11-01,0.07418119058107946,0.07705223301407266,0.1260590725176172,0.09034663593606752,0.1317262974882456,0.07928790827837683,0.016055583050874508,0.05995320183772368,0.08129782766419605,0.012309685506982764,0.0901713478721506
1990-12-01,0.028248658312785432,0.05147826103545156,0.08392132129754905,0.05825704499939961,0.040040853558440344,0.03632770203670218,0.005715014204948144,0.04309944726275514,0.0066505955150111835,-0.05903021902137491,0.07140755256773919
1991-01-01,0.05919245811005144,0.09214758485152776,0.174890692307113,0.15512845916326987,0.05963172437651266,0.036381331074329226,-0.008544556465943738,0.048799647241705005,0.06598388931554114,-0.04338126352396788,0.07147377027278054
1991-02-01,0.11075605692086109,0.06174421514728966,0.09040715759098758,0.11563535533348657,0.11516732586536678,0.06483814195048793,0.04143167170217047,0.05308183081833709,0.07675932237986163,0.09625124527027863,0.05687537413687138
1991-03-01,0.09600597433164647,0.01442567970289525,0.049484818829512056,0.04103866644670763,0.07443139036113942,0.0707750104924199,0.012502527098358775,0.004658800471340472,0.06379603517482274,-0.025257215563768316,0.08474876013898987
1991-04-01,-0.006312770527099079,-7.735216367065225e-05,0.008700162757637879,0.054080812069223175,0.010859580895729151,-0.002135448469483555,-0.007814096144917225,0.02464981581600416,0.054415414940842156,0.01878975547865906,0.010115606923982714
1991-05-01,0.04600234198725455,0.07351261888028214,0.030607797695611713,0.07492565234222325,0.037589483236101444,0.034982215942392425,-0.004445355197301491,0.03687891900277935,0.05524301384954571,0.042867785063648634,-0.005178392871691728
1991-06-01,-0.04301272661586209,-0.011666566809670579,-0.08182970773205502,-0.027937166389462764,-0.03853955401417828,-0.03724689627630123,-0.015211189693912915,0.006936792141134338,-0.0593403450656773,-0.09036148415825097,-0.07615732170381241
1991-07-01,0.054063154408509576,0.01474941215397046,0.03559539275615823,0.02532019196072966,0.05671987427878031,0.03348637922762879,0.0352187061679226,0.019164818964262528,0.01857867084275396,0.07478963217990127,0.052213683628432324
1991-08-01,0.03374437283738841,0.011778957641381139,0.07465246065314204,0.028452682409766776,0.028229703612453957,0.041563599946546737,0.029529880528325645,0.02263511118552102,-0.005135711991754143,0.04871067538854504,0.055812445543601714
1991-09-01,0.016248742669970638,-0.010959042843494951,-0.05600394880624399,-0.0009936845051927924,-0.0026725834653269567,-0.04340671239349772,0.04010203043354147,0.007512034106585828,0.0085454084455797,-0.021040124311501218,-0.015271480070844626
1991-10-01,0.04658290998490941,0.04096513346059489,0.07707540661609963,-0.004962481374683059,0.037401465053673186,-0.008872944884449145,0.0066663746031715085,-0.006561384598950809,-0.008480092669084073,0.016890803589908965,0.08752380102141348
1991-11-01,-0.0607188246369954,-0.05759095287632141,-0.058633594036671274,0.0013668111212993088,-0.04179324579185122,0.004534044995526937,0.02346587317938538,-0.04123125787230317,-0.047027237670654344,-0.10119130972774779,-0.046390206779376164
1991-12-01,0.14081199614088302,0.11831704528586923,0.13535640813223349,0.11962393431123389,0.10656674258665681,0.11833371480547722,0.06872359185233885,0.07935535837834391,0.11073138489932037,-0.014494660517458124,0.09867816603508965
1992-01-01,-0.0009961059474514334,0.02716971202984626,0.10002138970466094,0.08960880865688317,0.025585389626808765,-0.04263450696127463,-0.044949249757334615,0.04897221802894907,0.06164219133542618,-0.053331273010120334,0.008205496226702623
1992-02-01,-0.0408889861129851,0.039009788600229654,0.0018530146240954694,0.033040631625299674,0.03542327102408139,0.006350171671233659,-0.01950329710217415,0.005384990205324052,0.00546269853844599,-0.008822275073118046,0.04632371034527206
1992-03-01,-0.04598279475173785,-0.009781158809856388,-0.0503844518462396,-0.033540786305755195,-0.009105932260832561,-0.03291693054557407,0.0013894468058710124,-0.001359171930219621,-0.026288469459904498,-0.015819484117888607,-0.03665951273633446
1992-04-01,-0.050906509186073555,0.010769461885257601,0.0007995630755034781,-0.06898061376725259,0.021018476264028484,-0.034959946871680095,0.012489244699845478,0.018927101279180937,0.0011445928504094502,0.07424724205456645,0.0297662540006909
1992-05-01,0.01156172297666772,0.0034229868929163865,-0.006131137069545395,0.007630591396219854,0.008973141996813623,0.02484240705041408,0.0031898217181006035,0.027159591667297898,0.024785093427291086,0.056040633035810146,-0.002818135897699272
1992-06-01,-0.05019607001692337,-0.03975133993477245,-0.06116045763053396,-0.04040590923450337,0.001348186588199804,-0.01999228742938041,-0.009269607547056162,-0.019423381337697155,-0.009891606274219113,-0.06485448073882497,0.017296212135340727
1992-07-01,0.07113868806347388,0.024196298550083116,-0.004424517972362497,0.07132772169848381,0.03387336230985136,0.06727378459202714,0.06558784331787511,0.024476883257788417,0.02889499816082654,0.10748952316065391,0.03926313042685163
1992-08-01,-0.0478328014414943,-0.042734655356207484,-0.034216962379527927,-0.0322485581094454,-0.02444463047786395,-0.019940684699899,-0.015423070449332275,-0.02848791488432761,0.008159631827874887,0.026877447974865343,-0.006734963961429647
1992-09-01,-0.00536831618063521,0.02836908890616264,0.04608008299045613,0.019935190699337385,0.02725711794043613,0.026701975700092934,0.0066117229158990905,0.00024084086848707593,0.043795723290063565,0.010869392724058818,0.03717267664408769
1992-10-01,0.026040163703808867,0.0315122111418353,0.085270150101036,0.04065876176300121,0.030555114343143643,0.029210650389587405,-0.005748693088513516,0.03176141497299602,0.014453481722186988,-0.04931548162091787,0.013741456702523644
1992-11-01,0.05829772801414265,0.03909251294620094,0.07416684881402691,0.10433898668746917,0.06299901716486977,0.059117152737958194,0.0031283834221053314,0.010286007603487567,0.01442885804051755,-0.04467087676190275,0.05433335899952736
1992-12-01,0.0013254425198146813,0.04126082204277787,0.03535888493907436,0.027734876563339478,0.03314745621299351,-0.018072586678195758,0.030360810827548684,0.03168338098438237,0.020443254344498202,0.026084907601059602,0.08186206704983254
1993-01-01,-0.02176410901222916,0.016177258787204496,0.06661958243581756,0.05343101450450432,0.0270818790991313,-0.013622892809041507,0.021688095962347175,-0.01975188366388569,0.07302386750330016,0.04147258183686463,0.03839778213966189
1993-02-01,-0.12715794457166074,0.011578144556530381,0.01488222066545865,-0.024455261781432897,0.01669937784881326,-0.018282936731162505,0.052399118096363856,0.01717953766808746,0.03291222670144632,0.0784877572416553,0.00811099438041027
1993-03-01,-0.0008290833804489777,0.025354117065648947,0.023441812913373886,0.05712298645180649,0.04623265474196832,0.009505468405952235,0.003017654148735883,0.008549995197313474,0.054034397149793696,0.06832405404387842,-0.01290442992251258
1993-04-01,-0.022739422773605127,-0.014117955180798987,-0.01273261509983942,-0.0511682338700206,-0.04421230960007375,-0.06985618878626632,0.004647204320921093,-0.01148206609631909,-0.025491659741893966,0.020895292843955207,-0.09170166022386483
1993-05-01,0.051211627618374216,0.016677270096023735,0.13137834554145195,0.04069816516627201,-0.011260935770268841,0.010021050466305439,-0.010651379181827117,-0.005905630828724133,0.00039734989267758763,0.018464665694148997,0.11760981994023194
1993-06-01,-0.018739307030396293,0.004442421055123722,0.027312419658176854,-0.008860515754336152,0.02840779498562897,-0.0033201923979704253,0.02381058316413853,-0.004347533934432203,0.00359150182056024,-0.008721171384710047,0.04772625488315841
1993-07-01,-0.03591111108098458,0.008775416470172392,-0.019798864021368944,0.003937306338512826,0.014243645083064572,-0.03463807980965759,0.027059661120566996,0.02704294485680823,0.031031371965736514,-0.005262929594542843,0.0738453436916683
1993-08-01,0.02960664471781396,0.05626147640688185,0.11418320370956365,0.07694351261052776,0.026653288904227572,0.04078341285278294,0.02392098486901675,0.0005675265399605774,0.020212584147234987,0.07041676484214111,0.10362295034092092
1993-09-01,0.019599956102968767,-0.007670594124192247,0.016036597487075185,0.005701223224279196,0.02230437751238235,-0.013478262607878709,-0.011845114531292505,0.005974054527603689,0.06941557254281526,-0.012387195799313888,-0.007578199292571987
1993-10-01,0.041368633068112365,0.021624580706395776,-0.009848766109226673,0.14645283259731767,-0.02745751421379443,0.04260805483106266,-0.011248497438507478,0.03857042181097333,-0.159470351921909,-0.07118699369338911,0.06169621302737567
1993-11-01,-0.01341273887823762,0.004135714587476447,-0.0025572208749722347,-0.007284197482781031,-0.05511637396789409,0.009372215142422256,-0.06805601102405266,-0.009738832522315251,-0.05643040842870504,-0.09903334888957602,-0.09849850748175687
1993-12-01,0.03394427769852201,0.03703014179640155,0.022343103543765466,0.006589747715952881,0.010632935546164402,0.009374137441032823,0.020050533761813583,0.044677315421853,0.026339293349036084,0.00029300944243593457,-0.023715770975863117
1994-01-01,0.03616793664004896,0.039464804333832114,0.05996297033975255,0.010979140993691386,0.015292133561779461,-0.015833241704181468,-0.01827589460449618,0.033960360161673565,0.0501951586035454,0.050308841047408806,-0.00045670845559671325
1994-02-01,-0.011190403226760634,-0.0114163472355657,0.03089533371225516,-0.0028809971840105053,-0.043951438808008385,0.010896137127949705,-0.06472641363884508,-0.002180965946816155,0.03904761805984227,-0.04330786281324473,-0.03495759605137441
1994-03-01,-0.08521052097507899,-0.04464335432729461,-0.04221242120451707,-0.048624643615689314,-0.038183347388394344,-0.0450852354737945,-0.04651724039825883,-0.044974738499666815,-0.0542464448732694,-0.0558542823158257,-0.030267721975975916
1994-04-01,0.029525837124483437,-0.013633989949451098,-0.026800452836007002,0.014889484036389176,0.03367598825239225,-0.007304129631273379,0.018832040377154524,0.007190980491679654,0.013218401006774193,0.07364335673852358,-0.04346392116324741
1994-05-01,0.029101089594143318,-0.008480910058302251,0.004439626932335105,-0.046574283358963256,0.03729746013608056,-0.007498980604444168,-0.06379845386098588,0.014624096079060919,0.025814171746946037,-0.004575939814558158,0.0173022947314114
1994-06-01,-0.03687116240842137,-0.010709723350072939,-0.022310981269412722,-0.04173589085385481,-0.03148269790064467,-0.013888871845622337,-0.04486064211957037,0.011072429255611771,-0.035085506977920844,0.005694375824968234,-0.031578218286505005
1994-07-01,0.021542045843459874,0.017472688226514918,0.05711655354799554,0.02475776529218777,0.023284697583842474,0.0349754593563604,0.04022602213696896,0.05342723308982519,0.006010499050083247,0.01137352363517916,0.0007076221299967505
1994-08-01,0.09624024339100852,0.03679354432996073,0.09188445340094419,0.04234496532237052,0.03374559423501596,0.056397448048003854,0.006588038615162405,0.02001269586914259,-0.0020737530002000394,-0.017058352290926303,0.03303538022656302
1994-09-01,0.009177014000683891,-0.034798590431504926,0.011708169173376587,-0.03993122666485268,-0.04608443883821464,-0.013059836049014688,-0.026555809999390213,0.0051291406334740336,-0.020456631385310346,-0.018898022809653397,-0.03429903719914627
1994-10-01,0.023298437840357473,0.05652295311433697,0.0878373628046419,0.0013467161502584309,-0.0012253837496446487,0.002242608636022065,0.01650385995280743,-0.014805467235885272,-0.03835251606624644,0.06370472048472099,0.04458127155065786
1994-11-01,-0.007957792622713719,-0.06132523285460336,-0.019082414426328142,-0.03123870556221882,-0.06677048343772204,-0.017766421064166503,0.006947121715597029,-0.09540459994043642,-0.03883134342282271,-0.08529368664757088,-0.0203677926507249
1994-12-01,0.016333365234352814,0.026741490929143852,-0.0020536501580214845,-0.02366976429497821,0.01739459255749154,-0.003203912122784401,-0.004020208271854571,0.03439058008023617,0.04894018950339143,-0.038025639977298645,-0.00483748337942825
1995-01-01,0.06469898809315999,0.008891008562157802,-0.0018093814534287246,-0.008970236427804245,0.04250517016628807,0.013002787949132167,0.058096511758927744,-0.010765452233487035,-0.019198384748057882,-0.010101860299656503,0.004502273761287088
1995-02-01,0.053389709638596516,0.04793969273940509,0.0769259024885675,0.02499808457869404,0.06199055005083377,0.028066428644688775,0.0008065284370448919,0.05311366429694715,0.02870506727084489,0.052575324019398885,0.047857984874561874
1995-03-01,0.012325760539099001,0.0285841142801726,0.08850326679485863,0.012894190915709066,0.011931305171471557,0.012561942243567095,-0.033553681093504505,0.039628272712465336,-0.001074591257715042,0.06660363835884724,0.017700302914897763
1995-04-01,0.027432617762158024,0.03455571983351413,0.05142384983028398,0.00039137858183106196,0.010383220169769903,0.008957207176448925,0.016134264398636442,-0.001962210938941842,-0.008048980076138006,0.029660444880547754,0.014243752800828999
1995-05-01,0.00912364500932923,0.011611897159589829,0.046085751734353454,0.025839821777065834,0.046491921900634524,0.018459654252969217,0.058431443409406515,0.02543493843143826,0.03777963734870242,0.025987734835483403,0.07948870989791207
1995-06-01,0.05969268220564508,0.01195583847849783,0.12411472770955487,0.018382934516972777,0.023699798074687802,0.023899606375336054,-0.005011088345076614,0.020054239891948256,0.009652816276801581,-0.03922787230670613,0.04974992040140089
1995-07-01,0.07108601127586153,0.06325847024296592,0.07335532861925319,0.023590731435916026,0.03337567696117343,0.022899289564619195,-0.005514018562056226,0.04294572785908843,0.0062925407316303805,0.03343443532259609,0.06668692691209878
1995-08-01,0.0457865324754774,-0.009221463967662687,-0.005072298780354483,0.004456028209684855,0.05013910327377969,-0.0005186384181120875,-0.0055079888762833125,-0.01673834082475073,0.00792307293149919,0.0012061777795892247,0.12111543399400057
1995-09-01,0.05486512506434997,0.010947782208644924,-0.01079416781530188,0.010876896844295826,0.053298047644057746,0.038303772619841574,0.056024263530502376,0.013438192537472155,0.005258264400179369,-0.002612208425659652,-0.002749096088162739
1995-10-01,-0.015972076104629213,-0.026549145499342137,0.016477070257427822,-0.04196490789804622,-0.026503673640719618,-0.02554224862711396,0.023582730403542886,-0.014820914964724425,-0.03309224635638629,-0.02375929325094863,-0.02608524034819941
1995-11-01,0.07504697400909835,0.061470448413062734,-0.0050546723275721635,0.05487062654063311,0.05749627043751025,0.015509532889962721,-0.003383666116239708,0.06243460279464037,0.017690470506628312,0.04397170553726538,0.028850443063838268
1995-12-01,0.05812967047649228,0.00047987625510585166,-0.0691229632548715,0.006824221339933562,0.018821652348612584,0.0030853797415158575,0.05500087141132559,0.019614286346298724,0.04989868721649585,0.058644134039088774,-0.004903711018745432
1996-01-01,0.036442335233131076,0.02920273717606876,-0.09161188443211413,0.015481986078380387,0.03193149653298801,0.03581295039721928,0.016555744838160854,0.03147510945739833,0.0077670898311849685,-0.0005158285953559864,-0.007536651070135861
1996-02-01,-0.013584028796471671,0.03394774389732994,0.04343198921595958,0.02180197128921614,0.014865660523039777,0.00770173769207072,-0.03793929616903834,0.02132026921220896,0.011911267581496719,0.00498819616178233,0.003942166392182312
1996-03-01,0.016140646630712976,0.015278323426843161,-0.02761410725312193,0.06999784274225067,-0.0006937254805393785,0.014890451477917973,-0.023485387854410764,0.026056049288893685,-0.005243427037837948,0.05189879774826513,0.01358445891153808
1996-04-01,0.037715708711361734,0.04209642393833672,0.11399899613456431,0.04096413059074146,-0.015079066180606964,0.01977658426537701,-0.05262283582351413,0.012812752371855432,0.01351183163726359,0.062125287896354506,-0.014770089507021288
1996-05-01,0.04509397858499829,0.0010496964427825037,0.021745026498761595,0.044123841934396654,0.015819121601591758,0.03769955669601478,0.006803070278679019,0.0003871874714464255,0.009195075229211449,-0.0080023749434825,0.023329081338528474
1996-06-01,-0.013802299294329417,0.005007781275253911,-0.09437584577384515,-0.019042422807707033,0.00520016242403538,0.025637199688795867,0.0605607471899714,-0.0445915391422784,0.02027996889812244,-0.009203214561835182,-0.007912523333194523
1996-07-01,-0.09468381311689925,-0.06258887390006956,-0.11023591051620653,-0.08871255814279379,-0.026901153610872478,-0.05768420462523884,-0.07721295193487697,-0.05611697364312191,0.004680553896816642,-0.07382293744794842,-0.09408048584462468
1996-08-01,0.0536269110224739,0.039339670574938944,0.04471698333531048,0.04700952026351448,0.034156424564826815,0.012965760212925236,0.016689466259210185,0.020219036866083215,0.03856971170638876,0.03131691656224191,0.033613035159713
1996-09-01,0.06371473661543367,0.04497005730897207,0.08622852790414061,0.03302341909048527,0.04960673339817759,0.050500140169004705,0.003764046691254288,0.030896207865837202,0.03480158375835416,0.017136097449263588,0.04115258760853852
1996-10-01,-0.03942197175237271,0.006430757892284542,-0.005287354618443976,-0.01704247828545563,0.05707949303533772,0.006750506938218604,0.031217178715607554,0.003341940600306362,0.02145860917207614,0.0734551548975722,0.0027353147713931884
1996-11-01,0.03187148511041964,0.06601278687782555,0.13721760709606873,0.02902283983897019,0.06954875547929787,0.05765485958652064,0.015883078535734594,0.06872186004965856,0.04142777701850338,0.06022871750230817,0.04797876538929181
1996-12-01,0.029286723681420143,-0.01100688636199219,0.005508694892679793,-0.02004579663626361,-0.0042424040547157085,-0.01512031458582266,-0.0028648631831638505,-0.033555329282293704,0.06603446475435647,-0.015543958536930599,-0.030707265655354584
1997-01-01,0.03418529581882499,0.029687275505256707,0.0800276848776345,-0.0011855911115218507,0.05307356805348698,0.0257977462489842,0.0074248175130224685,0.0061227637098866345,-0.007071951261366111,0.06437579682529182,0.021390595657807477
1997-02-01,-0.003321265215502279,0.0023769198215532446,-0.08324244289349048,0.02261960397170696,0.045068289838114346,0.03206635486444222,-0.004399880250869282,0.02333698342354922,0.001753472578509818,-0.07102374505729785,0.03848546782659466
1997-03-01,-0.09076048589559468,-0.021729287530083602,-0.03460790030864001,-0.008348612853661515,-0.05327935868453126,-0.02108725162587117,-0.052006967488841815,-0.06096045671066758,-0.02762051032760232,0.03186739361479424,-0.05255626255457871
1997-04-01,0.011815995432258253,0.05187971231744298,0.02903092116153084,0.019192904355576423,0.058543893012803494,0.04530836440896276,-0.020717009835357403,0.03249498121482825,-0.021967887510394093,-0.013753428482408072,0.025603659478035275
1997-05-01,0.10166907768582437,0.07702747134479182,0.11894631227532941,0.048286506367540095,0.05674633089363778,0.053681721571169676,0.03569932888743076,0.06872012471141792,0.042106257106411894,0.05976375134341655,0.10924789547054092
1997-06-01,0.040472027462730216,0.04437905359964363,0.025075445355198345,0.03986975841121853,0.06758321120994018,0.042979693280584354,0.031642716489645645,0.05421012730110007,0.03865815717616298,0.002984487342058842,0.0572441044637814
1997-07-01,0.03447484978350095,0.07685610095435866,0.1282648945537191,0.07296948592917776,0.08690928389915843,0.0723873393068459,0.03248620485511199,0.039598218537103484,0.03240917665070083,0.09099398507397459,0.032266900493257214
1997-08-01,0.00552759178217015,-0.04126170315119291,0.0303110644249406,0.004785970283211867,-0.04725096188160165,-0.04264254137548885,-0.01674833347940438,-0.02699574911060173,-0.007901016037522069,0.0073997810902902235,-0.03090238885928261
1997-09-01,0.06565854515976717,0.041442841108386294,0.04730151388705385,0.09354657562172428,0.09307895592489439,0.05517665405436488,0.03525346138101553,0.011096890677215672,0.05710725735800916,0.04453467661552596,0.10960270449297527
1997-10-01,-0.04027297741902183,-0.05668903625688211,-0.11627824882954303,-0.015123450239637553,-0.02610427069103857,-0.019472141142133387,0.012042741028873663,-0.07147947898478264,-0.06552383652221319,0.010665255075540395,-0.03368234815266669
1997-11-01,0.02569083331452482,0.032562373315165066,-0.007974663880165394,-0.005198715760833138,0.03705474068321527,0.06173615963452444,0.0663009269153819,-0.01449194673036041,0.023923739746369663,-0.04081724129777109,0.05826782348074053
1997-12-01,0.0045677432882144245,0.013046734303360865,-0.06022486241939799,0.00417781831116319,0.07226969372502526,0.011978452574669476,0.0728602713932185,-0.017697565162815447,-0.004760700768748085,0.006850328268410804,0.04477901242478451
1998-01-01,0.018795124861140593,-0.003276902812657023,0.03523990075026778,0.020196349978022964,-0.028545781389552372,-0.012487101918877194,-0.04080474400882325,-0.022614940488722462,0.0029204069652474665,-0.06447026154405802,0.02193638747967417
1998-02-01,0.07719746844634846,0.07475070172656785,0.0991319315847171,0.10424690087305093,0.07773478967582988,0.06009961997130629,0.013795287274374363,0.06739222340381378,-0.013357832995562046,0.05038814297184134,0.07578430838233816
1998-03-01,0.030320828814524248,0.040366933489769004,0.013825320842111235,0.07300317608476871,0.05626936968293703,0.05500964112022861,0.08312359316885129,0.06564002992346567,0.02519249168871732,0.0475615516056083,0.06774459104026505
1998-04-01,0.027398578731004097,-0.0023775637964284493,0.0497072421980053,0.019011715971001257,0.02185251206619417,-0.019729408700161037,-0.03293861139787969,0.024845291842198174,-0.010399466147029855,0.012123260776296135,-0.0012232348288981234
1998-05-01,-0.027591518815036103,-0.03794955441740925,-0.10572041159859212,0.00012006460786889994,-0.030078600062010682,0.005196876487564192,-0.0031769286376963847,-0.0584162360624418,0.0038059335429268186,-0.06339556085592427,-0.049112147574702766
1998-06-01,0.028221771651310856,-0.0011503197749717475,-0.013083719461287727,0.059973554972326086,0.029585669690025133,0.04426267897098762,0.03317936311510179,-0.07808341975485632,-0.015110060901717947,-0.014872652667817033,0.020531231410764496
1998-07-01,-0.03372088721212522,-0.07034636625401097,-0.04487813912465551,-0.017958300675394123,-0.026640572904104407,-0.02443171419307637,-0.053224619371651787,-0.049737777203297175,-0.058016737363675526,-0.14292857879525978,0.030255034903566014
1998-08-01,-0.23429770079216822,-0.18608894564080655,-0.2613413842024771,-0.1855474594555709,-0.2161032441017028,-0.12697061838423435,0.02355643696002702,-0.19331250395576097,-0.12403807662869439,-0.2006146399543874,-0.16613651940413374
1998-09-01,0.12104532503419409,0.04547230019693388,0.13460990719500768,0.000522177457652662,0.036817129680287865,0.0175896296830401,0.06467705038564348,0.043503926128947885,0.08978609827580387,0.1618282387161621,0.06102136992725958
1998-10-01,0.07973697632518416,0.09592030296678739,0.13500791692523753,0.06528155543798497,0.11182232922500583,0.13888342207360493,-0.023984626574314678,0.09964774702279913,0.0016803712492902013,0.027317033953993014,0.06428512865166487
1998-11-01,0.04094000888509803,0.04071127292638278,0.11226917100705183,0.09108113724160101,0.04611636497820038,0.040723088985026384,0.015523800041127347,0.015522824945369273,0.0173759826880992,-0.06562415401149378,0.09197497633768725
1998-12-01,0.07580746177586352,0.015282779916585453,0.1186819819145814,0.09943413197777858,0.038748356256211564,0.042248872763295774,0.01755607627307878,-0.009522761007788125,0.04688405665727279,0.0005921182951398429,0.11110712618546816
1999-01-01,-0.00409835049765574,-0.0031168507255650017,0.1018889647202765,0.04322086370348395,-0.01925860340960693,-0.006401257487128182,-0.07738409755919944,-0.030191295871007027,-0.018230578903107728,-0.0968584118943639,0.07538511870456135
1999-02-01,-0.07924790077529582,-0.010659243232019536,-0.09966055713468205,-0.004118535109203395,0.012944996406705524,-0.033295312629372034,-0.06135258599979632,-0.0020264674196812005,-0.05076217708198954,-0.028774038994838182,-0.01281007072336292
1999-03-01,0.01188871463148377,-0.005562134565138284,0.03836116757634785,0.025437241625698728,0.023560052335492486,-0.03115081224731169,-0.021913722096289858,-0.0032803939588877075,-0.012679264860897078,0.16836348752864747,-0.04853066736232521
1999-04-01,-0.021158575220097967,0.1547777557152033,0.0124318531917672,0.07741024128588904,0.05851737213128878,0.04068022417091516,0.07295867188560101,0.21011389855744847,0.0763531700303945,0.1151470842891658,0.05431370496968195
1999-05-01,0.02209659494145459,-0.01618956849039729,0.02455557821321391,-0.049621008846929875,-0.023397364709552414,-0.018459401842817122,0.05465640772643573,-0.06621740362788697,0.015324333348213037,0.02278255590851732,-0.030909770702018908
1999-06-01,0.0422701048204906,0.04184302794335637,0.1270567141183553,0.032688090791399116,0.014945633172972221,0.027583334984394355,-0.0488100104260037,0.006620311127901281,0.010130067470503337,0.03307407726298308,0.07369397870219946
1999-07-01,-0.03090163547675607,-0.04641291079000539,0.015629661357898828,-0.09925173078099363,-0.06802752392055855,-0.0031801027708582364,-0.019619182147726948,-0.035897542561680054,-0.047385953982843225,-0.001918354216651852,-0.004098163788241534
1999-08-01,-0.02195676336022623,-0.06331847016760948,0.06026935172375375,-0.053412023994975764,-0.05166649624056351,-0.037342770386274766,-0.0026840969913113437,-0.060149610841274785,-0.04877892069543687,0.028260920550732073,-0.01570748601967446
1999-09-01,-0.07377408060528957,-0.026828824228436292,-0.020531641309035606,0.001407124531589516,-0.060782921734093,-0.0324641013842247,-0.06103402705445809,-0.06255449705103262,-0.012245709457519294,-0.051267418909107576,0.05340904414830025
1999-10-01,-0.023486720986336678,-0.034511875082390876,0.10495283289754745,-0.006406274257172202,0.12228863091832025,0.05563284391330926,0.006488140715858685,-0.020495494676276753,-0.03285755243075468,-0.038527981109705366,0.039809779232332705
1999-11-01,0.05496042159677706,-0.027004989383932233,0.14501670825077576,0.001558392126133713,-0.04014144437726073,-0.0007943613208625283,-0.0864241390146832,0.027046097941308685,0.010335848924270386,-0.0352162655084559,0.07036347649717148
1999-12-01,0.04609085790004874,0.0365959941709132,0.2107687891731808,-0.017845017658078822,-0.00392463006404116,-0.012647424716368993,-0.028382126795811077,0.0874708349443737,0.07241333922975755,-0.03781327372095221,0.05621823659791869
2000-01-01,0.02679554738575367,-0.07761064907895174,-0.053378904026721415,-0.11632812766969797,-0.0458164663674523,-0.08196972809363452,0.02568078653219785,-0.09724372457265104,0.004874714613181028,0.010215794103113665,-0.052899396587378036
2000-02-01,0.09772455797120971,-0.0720767034799262,0.20615936039024013,-0.052584534521830234,-0.10186321198260107,-0.10779276364488659,-0.13533535884023926,-0.10579813143144691,0.013582372453543257,-0.01036375256518797,-0.059198050193594996
2000-03-01,-0.02076191529463124,0.10281657973416326,0.038589949568349595,0.1655480215686983,0.18787734564129138,0.06113076176161254,0.03374717886731186,0.10632977687793543,0.02359365967394113,0.1726533151939567,0.04899843088015356
2000-04-01,0.019960799605298844,0.04989292507763425,-0.07732601859261025,-0.04965494471938716,-0.01951084721482574,-0.007314285262917564,0.115206726469425,0.016988204398323138,0.042350380669330605,-0.0031795658869457,-0.06801591993287391
2000-05-01,0.012236463888724727,-0.006582618261138732,-0.09390239997424273,-0.046033296673372553,0.05353156736272383,0.05573720816689104,0.028064002061710922,-0.03632109775325074,-0.03382848325272145,0.12987901202257418,-0.048435277538675554
2000-06-01,0.11034967059577881,-0.058098937610256,0.06902071642642238,-0.05293787702926306,-0.03567170185036627,-0.012342545466267842,-0.0567639952040842,-0.08856412408998351,0.036770076039472105,-0.0602998101830519,0.05950317390586493
2000-07-01,-0.003645242109422562,0.05113830138351172,-0.0607904073952587,0.0012004095916740651,0.08798614251711481,-0.028151208961555825,0.06483094536988615,0.014338546818946741,0.07921745967225508,-0.047454909297860504,-0.04604891631928387
2000-08-01,0.09477613203858427,0.019343158738895177,0.11899286951130268,0.06451712816491907,0.0890300000945199,-0.022593889039060414,0.1028913743900831,0.029907544287520692,-0.04535729434672739,0.13205562949914695,0.06708315078852506
2000-09-01,0.03207035824893044,-0.05176090098048819,-0.17873768714779614,-0.01867922074650762,0.05217223156789493,0.04560738809368098,0.08254181670204754,-0.11387545899700956,0.023202900859397194,0.025590258024194033,-0.017870092163899287
2000-10-01,0.0231737769824701,0.07191586050497561,-0.06320572547042773,0.011020054639764595,0.016794414918291686,0.07309986440317996,-0.014443214410242166,0.046017774528773786,-0.018156806825593102,-0.06654833815556839,0.07018524861305411
2000-11-01,-0.00796302221625158,0.019110715016848596,-0.2135889761641555,-0.07226460772959828,-0.058762177195009584,0.04717156566370651,0.05063661502982719,-0.010986146670526924,-0.07569091058335913,-0.03720634062141395,-0.15396689204656122
2000-12-01,0.07446444979262776,0.039126477261441764,-0.04268342769021439,0.07281431867877454,0.0985018805387188,0.031117600061259063,0.02592007716637929,0.12094216608504181,0.07868686235121804,0.16332768825343427,0.052791089898915955
2001-01-01,-0.05241579824335705,0.017198558418107544,0.16570700828810994,0.07329747152874294,-0.034880162935779675,-0.013184480177291024,-0.11432864335049506,0.004697120372204008,0.04063469744917639,-0.058434592999035286,0.04434624036995912
2001-02-01,-0.025171361615050594,-0.016925793940808245,-0.25503083394770054,-0.03443809837774584,-0.04313133861060564,-0.015508812164919512,0.05227497522060829,0.026795285204624913,-0.057509624345577236,-0.010077330510739137,0.00027893705604753
2001-03-01,-0.10239069589568611,-0.047846689491582266,-0.08291694159575055,-0.013292317601532573,-0.041902410868116434,-0.04222903673609446,-0.012286985886657465,-0.03759556771810933,-0.10039115095485328,-0.0037634067618113184,-0.005550951573496776
2001-04-01,0.09852984819333305,0.07853684720802319,0.17050158679525418,0.11172705303698151,0.04510702639284354,-0.017581783667668504,0.02526395615091565,0.05873939712551612,0.09404273425112028,0.1181561737426267,0.027353684787790076
2001-05-01,0.033971709790497656,0.05321204939303294,-0.0012843560569744286,0.03637407928668902,0.04232855119909143,0.04263342695845249,0.01829824907096953,0.0437430291724216,-0.021852259575569945,-0.012777708465425277,0.06942638653567151
2001-06-01,0.0003817509109301931,-0.03952972344067405,0.023648911350262727,0.030703487630839018,-0.01721514003770664,-0.014481006000231686,-0.04300685170741619,-0.06214535093093172,0.03298195172775539,-0.13825523754550284,-0.05346295913277684
2001-07-01,-0.0120362498937892,0.0040132913261897735,-0.05405150187168598,0.059683935924785776,-0.008882025301799311,0.03317109270738061,-0.0434590810875017,-0.012523202298040537,-0.023389447510814156,0.004597780967329693,-0.011839972325227478
2001-08-01,0.0037392694681836385,-0.02412448545709938,-0.08622758237058273,-0.05536929025343072,-0.053924595106465995,0.004058676813460364,0.007368959618142562,0.00593803351425151,-0.03014082344931727,-0.05646809453924839,-0.0795145020744018
2001-09-01,-0.09653127349306959,-0.13802693125319954,-0.2789358137232281,-0.18661741066877932,-0.03231226545775407,-0.03608169296849416,-0.09489891321459251,-0.11458184401884941,-0.07906251349021368,-0.11896667699913115,-0.21362176786227483
2001-10-01,0.051691171678183975,0.034627191357017154,0.1733284468940407,0.09049298219814954,-0.01068049383682018,0.016840132471567154,0.010246725897178191,0.031207998518056196,-0.024910848221075445,0.0790512352456375,0.08815503984285848
2001-11-01,0.05769188456904186,0.09237915197597078,0.14335315458692915,0.11858842552790282,0.07002863075702268,0.04871807919509166,-0.0057523469474384204,0.08978002878010724,0.08317835494822842,-0.04820194078113448,0.09020361942717696
2001-12-01,0.011569644084426817,0.05317120406977908,0.03861952895469445,0.07768317108567169,0.029978448375190033,0.019887599044960673,0.03931216289340432,0.03175678168718765,0.041691479547412605,0.04480727963001726,0.04506437700749147
2002-01-01,-0.0270526331928097,0.024263752811787564,-0.010539164830465506,0.060396211832016836,0.002868300781984549,0.01809101249210664,-0.020734259038367734,-0.0077512529691214525,-0.05860352163287938,-0.05161981087195108,-0.004606774757515853
2002-02-01,-0.005574589215079505,0.02565569428562114,-0.08762225248881517,0.007873397082498642,0.0008231926621723272,0.023985031592769667,-0.04575477718213631,0.02977499005825562,-0.06901716680390355,0.03649476956784528,0.015322074680122512
2002-03-01,0.0427234754999575,0.042291771351404245,0.10302109641857943,0.03926615718391869,0.04868304736379539,0.01888663155747235,0.09159591483699299,0.08056868520756956,0.0682751198524709,0.1097447260119758,0.050047042742999585
2002-04-01,-0.03416763204881839,-0.024869262277439855,-0.14551290367208033,0.02703378975283761,-0.007214970120837192,0.011269742695127406,-0.0019635090600628726,-0.03626815779453095,-0.025603668869570086,-0.02722273989521686,-0.060387275101943055
2002-05-01,-0.015677461871732783,-0.01594648373861484,-0.049731071181039706,-0.016275412031888422,-0.008611844897173175,0.0138893000487019,-0.051201463327423466,0.0518147560903943,-0.06502453283750366,-0.0317672649185273,0.035133933677276456
2002-06-01,-0.06395249364005734,-0.04662374324817416,-0.16434494363726493,-0.052029066412321155,-0.056079527571642654,-0.041277631172179426,-0.07886602358718875,-0.046260387695896465,-0.00861674325832956,-0.07464164245783132,-0.20941783666972713
2002-07-01,-0.07070662905137622,-0.14083329868326372,-0.1317721938644424,-0.10660767720889233,-0.08673662292907204,-0.066042385423484,-0.1937688505240546,-0.08610404731095714,-0.04034704052030168,-0.16343556821108973,-0.0677691342268198
2002-08-01,0.0007394955912122787,0.009273421835846424,-0.0028835176980190227,0.00281427868011959,0.008980679043877365,0.008610820578141746,0.05499072509090057,0.012326887806009082,-0.030944295531873403,0.04303551320813845,0.0009330613941660002
2002-09-01,-0.030165268506333488,-0.09195215836709844,-0.1711311771222069,-0.06689022326568705,-0.09081575925899436,-0.054624375055224064,-0.11026726199718402,-0.11317370938277371,-0.07455995552444149,-0.07448771546854911,-0.09437691773185711
2002-10-01,0.01818947569212134,0.044089759752772885,0.15506275571394448,0.03749002734526278,0.03941755876256646,0.04001751901211583,-0.010733521362328361,0.01515042725081125,-0.06850478826785417,0.005366939817309067,0.05689048139908039
2002-11-01,0.02556285133355631,0.08368738188979956,0.22981738528653942,0.06718798167141819,0.05610882206548647,-0.008141175644952257,0.04249320942408112,0.08072878696442869,0.126323083181389,0.04741718720475136,0.12430646927101711
2002-12-01,-0.03394330380676119,-0.023222740769001615,-0.17426593695473813,-0.07530271191383157,-0.04648308602391605,-0.02009878917089331,0.04295713554463223,-0.034105806458229165,-0.06513798546398866,0.011051640223475696,-0.11610901072013975
2003-01-01,-0.02524755236513529,-0.06212535377435947,-0.02031032544019877,-0.012000171372867314,-0.032214822330710796,-0.028381150636693872,-0.04940592703448627,-0.048365507018218054,-0.009508198668388888,-0.018901735725984144,-0.0004884868988253089
2003-02-01,-0.02957088928032059,-0.0392536944447129,0.031473501104202176,-0.010483688830631579,-0.03330428092579272,-0.0419339137849048,-0.05154490299399476,-0.06169481486049239,0.01318090359223641,0.04537598776798954,-0.02386834783347661
2003-03-01,0.012432605023739107,0.0017139475243008156,-0.010331442122841613,0.04306061100016067,0.0054594519737494645,-0.0011792134262233077,0.05354424243293926,-0.007227880422817876,0.0499111444957071,0.017988820194758757,0.03772887851775281
2003-04-01,0.05642462266345677,0.10122581378000928,0.09786607695872081,0.11505391410122881,0.09879952784244514,0.06797524415799457,0.0896294096616853,0.060202004961302256,0.06750885837762423,0.009858346365851204,0.09897167837119746
2003-05-01,0.11359544315858382,0.060850358458149886,0.15758653102750933,0.07466527076264423,0.06317330803877623,0.060454772827838316,0.10780783202055473,0.05763074222024013,0.12184857224272258,0.10129890820428812,0.08917473367729274
2003-06-01,0.031143196731539622,0.012727750140816951,-0.010689904929629882,0.02146833180890631,0.014047686781435741,0.012612943454508153,-0.000437203930533159,0.0001223586051930262,0.010482857735948113,-0.003384776575232211,0.03994196275662486
2003-07-01,0.028105287853113788,0.07324392818970402,0.06915399292806038,0.0622928131868157,0.025476164096504866,-0.0011839759459905232,-0.046074734924449544,0.0705610174690871,0.09555813896248,-0.0505768808876913,0.008187900221141685
2003-08-01,7.414748315924038e-07,0.06095139767025001,0.10115728779656837,0.06430742751863766,-0.006549144532094193,0.01471558268208606,0.01457395017567693,0.02925775831315753,0.011263991552564818,0.07871787246211208,0.03641502929513627
2003-09-01,-0.007022059217980009,-0.052555294076991735,-0.027585403593316186,-0.02766979018830367,0.004253961705268281,0.008507231962576144,0.0431079173856197,-0.036444046667498904,0.002338770794434118,-0.01284450317894453,-0.01708435211707498
2003-10-01,0.039600051301637545,0.09871698307097672,0.12162451529480757,0.10255431278243525,0.059676885676066806,0.04400085657772038,0.02920953865531794,0.09263456188652464,0.051969495241327074,0.014070654412863759,0.13373746994695218
2003-11-01,0.024201220216436493,0.029132908372527033,0.04472259407040666,0.024612639701142056,-0.0014831259166752004,0.028097338340095708,0.005540717798915658,0.036457375751571534,0.0452749367626803,-0.0030616407710881526,-0.0717344266621858
2003-12-01,0.03993946183599494,0.04879210811939532,0.007931062963186422,0.00941611824986833,0.04440506104866067,0.014765868764225162,0.04833219224765561,0.08345951634078276,0.024967395953358815,0.11061533615653454,0.0493576117384323
2004-01-01,0.05197630022525514,-0.0034467621079892438,0.035626201191514766,0.015927966304363703,0.03331664550065208,0.015485929273946163,0.017253595805525605,-0.023462498657449694,0.0496109034876591,0.03501421440908315,0.032775492456996055
2004-02-01,0.011007778780829768,0.005340035664457219,-0.008516610854772079,0.0642137940103344,0.0311306156787945,0.06252161030082476,0.008949636242301133,0.035690896893452256,0.007338027761561366,0.03343884446472296,-0.0005748631395874213
2004-03-01,-0.01287554076862544,0.018674736966493435,-0.008343902450806871,0.001672846130197737,-0.013120523987418599,0.009183200054043685,0.010393750457040293,0.02418700804569197,0.03972559291696661,0.004361679838725113,0.0012095400321008392
2004-04-01,0.01685957811249002,0.006028595405978403,-0.08677205281803992,-0.015366912362472644,-0.03286977147504749,0.012076854745345644,-0.04311483778547052,-0.04170506390742122,-0.10749443322597328,0.026811767954786018,-0.055541935711318234
2004-05-01,0.013332732453883174,0.017408553361101718,0.07005696315843551,-3.86936372942474e-05,0.012591210487981909,0.011523894105747846,0.00869202008006276,0.02121018673249314,0.053945245387477164,0.006087779427366101,0.0022347686852345087
2004-06-01,0.024791050263507305,0.06711241475550796,0.028495249822565818,0.01997433977955658,0.006482295967307013,0.012093243200434612,0.020069282700244884,0.051136462085869486,0.03529135500687233,0.07777359866647834,0.01762293744789244
2004-07-01,-0.08363337448769442,-0.03552641378029964,-0.09045083566589848,-0.0399511912444395,-0.040751224460319695,-0.047889335843776235,0.012977621676034402,0.004969464320134983,0.005262674686607729,0.028453214767865703,-0.08676580993913435
2004-08-01,0.006896268558388052,-0.021214733024049463,-0.047100656179325386,-0.0020064469144647646,0.022434668984741363,0.0052415720944017355,0.028361613419107527,0.034873478520635215,0.04848904821540558,-0.030412565641501424,-0.0727105370672601
2004-09-01,0.020624627768367945,0.03328299435202108,0.07306826990103651,0.05441943469299416,0.02045298413516429,-0.016826971145266375,-0.006430576904529938,0.059856380554070415,0.023827902697636415,0.09902096798941722,0.00689313595615285
2004-10-01,-0.00673577086489313,0.03744950023666716,0.056991114906224306,0.036003473646795715,-0.004120073803862783,0.027806917699589748,0.031775816065093145,-0.02809014790985792,0.04937683357287299,0.0004122706053007241,0.04921680931707171
2004-11-01,0.05916090008044859,0.06553209782334923,0.05590382795592489,0.050555887625117375,0.04418575406049191,0.055909381052755315,0.03819414447180026,0.0921747864530491,0.04135220401994636,0.08558763761009028,0.04473613407476307
2004-12-01,0.047590442274284425,0.037128535950130166,0.040156623727739565,0.06898026476006051,0.051768473406152746,0.051762818315834354,0.02916600017470337,-0.0034023692811462943,0.04290017079567619,-0.03503830470267102,0.06618888456191659
2005-01-01,-0.006948012812912325,-0.04911129774616391,-0.07407768193272385,-0.0412735309249851,-0.03433447672936492,0.0021825110839380083,0.008808402805927021,-0.01487105772238199,-0.07613288785613535,0.033294964731745445,-0.029203142331045068
2005-02-01,0.009815872369082846,0.01536224964684349,0.031243471194800126,0.022516072354453274,0.005803180244118062,0.002580804846122075,0.020343223807551318,0.05542782413188686,0.015211576984108703,0.1466213944890317,-0.008267826407389232
2005-03-01,-0.03980120167126627,-0.010549725899651028,-0.015794294363804747,-0.019141328587385716,-0.02528944951856527,0.005951993623320772,0.0010213715748674066,-0.02092268568638661,-0.015306995709431984,-0.014367368853635517,-0.02419515280515531
2005-04-01,0.020617190749046967,-0.05254061623737615,-0.06221128985485812,-0.08219679384779913,-0.006003462227673762,-0.03195724659265298,0.012434586201144971,-0.08992797624205456,0.033572550082708257,-0.055598714678685004,0.018364027044242382
2005-05-01,0.04128926877235881,0.04247860361433358,0.1079377967100157,0.06237332436958338,0.03314780112371717,0.034162151037347474,0.019304634200954515,0.028821984771546388,0.04700078443116455,0.03667509554086723,0.06901907614760398
2005-06-01,0.015786652870490716,-0.012379223428591424,-0.009430419280203469,0.02124413986556266,0.025231127416861183,-0.007289797835320706,0.05043979540809477,0.012014598969028699,0.06608275702855185,0.08542099019333847,0.009868425167008412
2005-07-01,0.029941427387930868,0.055033927817890835,0.06431032771606898,0.07755115367561845,0.03923513842151641,0.020397208458661758,0.02055312788913308,0.06759767118751103,0.07539550143845947,0.08314779835120746,0.024610160255902857
2005-08-01,0.007884903900400619,-0.017130967028906464,-0.010787156671205115,-0.06268432317297568,-0.011585410171727296,-0.013883817602694741,0.0014703722577044252,-0.031130612466275354,-0.03421908724750208,0.061819822154960846,-0.02104141541180249
2005-09-01,-0.008998232167700057,0.018154970451044538,0.02503967099478221,-0.02606305771410143,0.030510055136342265,-0.007367019095079399,0.02211375602564075,0.016028776687767095,0.011085102933549888,0.06670272957832882,0.015088460632694426
2005-10-01,-0.022737464258503558,-0.002781973715918647,-0.013330933066676256,-0.025082777368749674,0.03447747526067438,-0.01122250066949153,-0.06261557209093435,-0.0229206400484606,-0.022775968993813504,-0.09658752958849763,0.0034090805265388564
2005-11-01,0.045579781729950655,0.0684055468713704,0.06669490994094347,0.08643801099350198,0.0516373313880891,0.01854464581657792,-0.004182348155572104,0.03317688855485736,0.06021354938151573,-0.006553638419007317,0.015475032404219324
2005-12-01,0.021838133886945728,0.00188851459658842,0.0035629444351360524,-0.0029093445678287934,-0.006897610393734048,0.004706051173568751,0.005215193905562507,0.024151981678687973,-0.004405823357437252,0.017999234782515378,-0.013239039985488654
2006-01-01,0.047994182805852,0.04900656386591637,0.07870235774516467,0.038861296886720124,0.02199949952781698,0.010485124014132019,0.019271671330474898,0.07849924099898942,0.08335441114180436,0.14135957282874465,0.02296728089202665
2006-02-01,0.011548323419044831,0.0357905458085239,-0.0038434668796266873,0.0004095734377559838,0.02692866201523305,0.010272888968071362,0.0010007387751681752,0.002006394830537782,0.026215182939274075,-0.09607198618964412,-0.023238166890024396
2006-03-01,0.025416511232004637,0.04408165841629998,0.03438413019537364,0.023642933190154005,0.00669374973362643,0.023925720456066016,-0.03942269575762588,0.04640605491692199,0.052390215755886815,0.039739036698550695,0.03331919816008257
2006-04-01,-0.03569238359633259,0.013903356433359002,0.00803034139188278,-0.014623439489413961,0.031179297988768458,0.009152807539115574,0.011080344257926703,0.03635159208741375,-0.018138820584099005,0.04616694203978871,0.019087957780475426
2006-05-01,-0.03785904071767711,-0.0308703788001919,-0.08789382273801963,-0.05736599510674169,-0.04788198224170092,0.033672957863623156,0.008747323657806007,-0.043209639277444915,-0.04754939432585432,-0.033640035309267916,-0.03462184547103134
2006-06-01,-0.006841241055447638,0.010840214023273495,-0.020226867510982342,-0.005659445357046465,-0.005234666382518583,-0.0017523090727013335,0.014995600953327578,-5.8191930756085186e-05,0.03508164038763803,0.03521138412093617,-0.014121404233665374
2006-07-01,0.002392555540980035,-0.07985442683987966,-0.03265301887236998,-0.05581990002548365,0.013888694312599485,0.0008262802764770003,0.05203405841038233,-0.025210192214978888,0.015076050273444531,0.040457806860330216,-0.028387275648667897
2006-08-01,0.037604611444985836,-0.009387291883807082,0.06268871902427088,0.04300453472539934,0.011477390532185513,0.013599025285716783,0.022437269831878718,0.026876290167932488,0.04997061250148301,-0.05762083042339697,0.04058587935690092
2006-09-01,0.014360491063929682,0.026717838020048918,0.04455896004261436,0.05371870917576119,0.045667440392935146,0.026292303397595848,-0.01868118890040718,0.00042245302425955735,0.008453177828364467,-0.04470713660826067,0.05546824248198234
2006-10-01,0.030643758729338895,0.039711224722297225,0.03545726253781101,0.05918014563997723,0.027851951454011405,0.011923415227937832,0.06197168288339473,0.08873223128933351,0.0566064059779279,0.051603684670695496,0.06453647785630655
2006-11-01,0.014335685451697295,0.023178497333988385,0.0420867804055855,0.0382844195764811,0.016627259035229644,-0.0027414257619403515,0.041868493940692905,0.04606586374970058,0.041260216974232516,0.08450872932528151,0.0472773544772908
2006-12-01,0.0029302875901966474,-0.011595168617164742,-0.014921453800642595,0.008881064607577335,0.021670144903187683,0.01523270400021075,0.004539467970909996,0.012430967972528038,-0.012987837207640329,-0.03482690873390523,0.006134829441361827
2007-01-01,0.041760939252452126,0.04284452498677031,0.008007137228221837,0.04463007738030004,0.012885557502526374,0.022102778495775553,-0.00327769328704624,0.05548397663886875,0.0755508180456254,0.011291647724723316,0.027436664357553982
2007-02-01,-0.02135928242795754,-0.003367422669207412,0.009346683556050646,-0.010791755832662512,-0.01631257442073443,-0.002294068951159152,0.03451603595528153,0.032142077228687935,-0.03470307726611743,-0.014473989854308422,-0.038496561416409024
2007-03-01,0.008169618750636131,-0.007417498963143367,-0.011555112119628489,-0.0038735607120279577,-0.005866753452604126,0.02131141841001849,0.03977914535100187,0.037023958783576116,-0.02257318500145786,0.0593030405358616,0.02317516820673673
2007-04-01,0.041666279577183586,0.04655266907310535,0.05172750149790172,0.03473982878778882,0.03194340369249685,0.011108378482307573,0.030676860637486442,0.02791293969993399,0.0035552763847976447,0.05341838415054663,0.00936960867373367
2007-05-01,0.016925935889157216,0.057850208062573114,0.03884937358640462,0.030660438965401327,0.03740653565215916,0.01285197264381157,-0.003929267363770421,0.04887324675563768,0.013600196913210431,0.07340094417956025,0.028313580906935032
2007-06-01,-0.02539109098035171,-0.000862833415665785,0.009649348853492501,-0.018674626753071414,-0.02251993247226712,-0.002333860549354463,-0.06977338364915167,0.012955578844463432,-0.08519678709490539,-0.004401140718017614,-0.015906263545672393
2007-07-01,-0.020291188440632317,-0.0167563856644857,-0.01656030313950023,-0.04593204328208212,-0.06274731918846681,-0.04168167177035483,-0.047452902297514234,-0.010585417374398309,-0.07637940004292357,-0.01267167196632217,-0.04459217392642055
2007-08-01,0.033847000078050686,0.0006227810172246313,0.025971498864328188,0.016495146826414248,-0.003765558275647729,0.023728706044800114,0.019576180328167325,0.0027917646903276197,0.061357742225338484,-0.005274174760923174,-0.01098194151842942
2007-09-01,0.04360531500435633,0.007871549320177456,0.039384018145090724,0.014502017223614938,0.030257677296568683,0.027943818132026968,0.02920722221867811,0.07882715919549574,0.04123412333038027,0.07344588464645409,0.04156875425919026
2007-10-01,0.015148356865296059,0.005936276503130523,0.022625811192515864,0.027957323512721066,0.025535001053081194,0.01223792582613207,0.05517516713747206,0.05365916980189433,0.02883870394339542,0.05042990988192208,0.029619578548668563
2007-11-01,-0.00885837144086265,-0.050560145657065486,-0.07701508113470802,-0.06864131450454267,-0.045075109875783816,-0.013635081756189955,-0.0012448038823390235,-0.03191761474094976,-0.06641057353831965,-0.06071882724644039,-0.1118916729033175
2007-12-01,-0.00958745679840743,-0.01541469928645355,-0.0064635766703802265,-0.03348756862717303,-0.02891371173355567,-0.011776780033928421,-0.004098894593702393,0.02329282085528376,-0.042765489731166756,0.07774041402457457,0.0217515096025994
2008-01-01,-0.0633951242053578,-0.043919318399936,-0.12196851923952076,-0.020751258285249725,-0.036381452673548274,-0.06028467418575218,-0.07409946700671878,-0.05426236143414946,-0.04628635649494806,-0.1077970924899483,-0.0979526101258494
2008-02-01,-0.03812566963030116,-0.03726472716172287,-0.01155498492229937,-0.07202675017679266,-0.08906628798902612,0.0072625882936656816,-0.060125547016707456,0.018358325671800787,-0.024803428588860348,0.10637668795995407,-0.009763137509513195
2008-03-01,-0.05388760322283058,-0.0027776855013242068,-0.029782228834351335,0.018323153408362124,-0.00827161415506234,-0.030571193730283133,-0.003780342609236418,-0.024931711977912344,0.04985885932458317,-0.034097337477050224,0.001735759417489355
2008-04-01,0.04712043455902385,0.04978789951846578,0.08667816468692001,0.039227618925006785,0.05219516801830466,0.02073248770344909,0.05611970704983808,0.08786204319992882,0.06856138025073222,0.10407508922448153,0.07681801332273473
2008-05-01,0.02981459944249801,0.014234961025730764,0.07701451036976723,-0.007775453901216266,-0.018250895468598607,0.022530438486813225,0.021818079409495744,0.04292021331098082,0.0049995935434923745,0.04965044362836662,0.036369185030582396
2008-06-01,-0.07598494290365736,-0.1320157507862155,-0.09881898469975048,-0.16181925529299007,-0.16248638926383044,-0.08659336483208502,-0.025850854364342077,-0.04010333527864433,-0.10447787378909223,0.009923102742810703,-0.1408525914157326
2008-07-01,0.05828775220919332,0.0380249028923418,-0.04619712730681374,0.014257845431886391,0.04258744935434116,0.019766845800070786,-0.049866252816387506,-0.04843723584310304,0.03893348514662051,-0.1768213900766369,-0.03410312501659253
2008-08-01,0.026486419248495614,0.037180457445386374,0.027053085048458016,0.050716887418823124,0.023681524465586825,0.03141066660415363,0.0121723904143776,-0.019713505121762776,0.009115291003832527,-0.005987394510510677,0.04609887073981724
2008-09-01,-0.08062514395487343,-0.1253438094766563,-0.15916748239868117,-0.07619500752023209,-0.0827228870393477,-0.020677492844443944,-0.09538970116253981,-0.20580635245786558,-0.021391554153238405,-0.17466224603016153,-0.13881674405470593
2008-10-01,-0.23816255061228597,-0.19912487148897023,-0.24034475919324327,-0.2898958657800916,-0.24770535089320553,-0.1485785311964782,-0.1280737508392775,-0.28720349463492356,-0.3050175957081436,-0.24440862068442537,-0.20577277909505973
2008-11-01,-0.11326193552893107,-0.0922550706954154,-0.15434690867423095,-0.16833906453181155,-0.12471150006623188,-0.044445566640838464,0.025549031898294303,-0.10582416465253933,-0.23451755498592963,-0.04626460924913315,-0.12373493631874224
2008-12-01,0.06622676342981543,0.0379377495775652,0.04643365374008933,0.09016703506814981,0.027682524131694135,0.03094773143042571,-0.024609172147549988,0.049990087942287674,0.10514915542531969,-0.03798363190278379,0.0020777073404951336
2009-01-01,-0.0077136355610612104,-0.12355479045337794,-0.05511464403029583,-0.14604716036877533,-0.25786945326902955,-0.054806759669393655,0.0016886947031394376,-0.08981151333845275,-0.15250450247634328,-0.009834324078969624,-0.06470910557071148
2009-02-01,-0.10982761254579372,-0.17306709762851286,-0.053097455117002895,-0.08309389093367223,-0.18917292910691866,-0.07700019515756334,-0.14504893836892693,-0.087027437085555,-0.2098104209324364,-0.17605475090626357,-0.06001916821306705
2009-03-01,0.04204094025328485,0.06400486253463311,0.13682978342491564,0.1397047879974513,0.1669715354720487,0.03938444790103923,0.02280030866377971,0.13748784065961295,0.07102500938669506,0.036547030493104676,0.04766777450989927
2009-04-01,0.07357422993410685,0.1810528289003617,0.15941236724124122,0.26379025046951865,0.17400360058168693,0.03904906793496551,0.008206865518379784,0.15690616408277372,0.2365328534935457,0.1195659199733417,0.1728286553104071
2009-05-01,0.052356405174798004,-0.0044360356452813375,0.02992011866708056,-0.01867003953112386,0.0843189762373091,0.05085081423403069,0.024419445451764294,0.060640752816936136,0.014341712578148069,0.12487633084804858,0.021972613109288913
2009-06-01,0.03977282658961556,-0.0036524433055018825,0.01856164786439375,0.000853434854188368,-0.02429627596996884,0.00475315554627188,0.06553011675297397,-0.04242846350398785,-0.01681492163651853,-0.08996668603917582,-0.02009236599881417
2009-07-01,0.05424668529192668,0.11312017739254852,0.0876427108519087,0.12613734729763382,0.07265309452352603,0.05861068814308494,0.045185648627794145,0.11475009253466896,0.07671992344744169,0.07096006730705852,0.0572033212644441
2009-08-01,0.044635963976507785,0.050537110425474416,0.035710341498035925,0.05093209632891134,0.11561641997460974,0.017229304379201393,0.009661016771757435,0.012083856870204213,0.09179456438261216,-0.0003265434615731585,0.023396382340563876
2009-09-01,0.021950256063792868,0.044936570111197685,0.06496263299019393,0.06781399233426665,0.017523634967508958,0.021627828513941686,0.0074556920593998885,0.05644236254704569,0.057553749481800164,0.06860013356787568,0.08298225741162027
2009-10-01,-0.02826008620606841,-0.0477165241768983,-0.04465770900153275,-0.05639841623584137,-0.04856156153737748,0.011686216944521889,-0.036451916320668555,-0.05018235700036894,-0.04498362232185366,0.018826839896955955,-0.06494884645305647
2009-11-01,0.072665669689255,0.059280328103483194,0.050755994875467454,0.06352967984965115,0.03497732275600635,0.030640460028482835,0.051093647043111395,0.0911623626859725,0.06930870541322019,0.020496134803855207,0.05573952061944806
2009-12-01,0.045426482878405526,0.05358680192734044,0.09147391027917148,0.04454330986883328,0.001824098902343189,0.009209556570248982,0.05466551337196079,0.01943452620902213,0.05917836296664054,0.03630270391407847,0.0611715225229113
2010-01-01,-0.004102596333520792,-0.03310538521577437,-0.08388438230349604,-0.005338544435195341,-0.0039289755881434215,-0.003617918564590049,-0.04395053983728283,-0.07347836490646516,-0.04978125020062197,-0.03334240688446461,-0.06909897106554541
2010-02-01,0.023747458862686848,0.06366468222863805,0.05173852809928336,0.05513445365955008,0.02707692290363495,0.03865093234849148,-0.017878266058825885,0.04422448492453155,0.04647998436326918,0.015253563794867524,0.04505428444146035
2010-03-01,0.05558426569114311,0.068343959193745,0.06056753732581514,0.09321614106453294,0.08163409931775363,0.03920139896804084,0.02474868258030813,0.05828893804812354,0.07715841905743229,0.019358884135148826,0.08737826024152219
2010-04-01,-0.012389113422504669,0.040978135537298094,0.029265795354012438,0.06757490001503168,0.022007463715762482,0.006821695903035722,0.023755924215970482,0.031197057295945206,0.059140099127204804,0.054590114077860824,0.0586826018477975
2010-05-01,-0.058626056875994426,-0.0751641991753157,-0.07361465651862015,-0.07412206956930084,-0.10399844264074222,-0.042041894876889516,-0.0641153712627371,-0.08398509123964329,-0.04989281420043919,-0.12485156629871497,-0.050129333538358405
2010-06-01,-0.03865871646616307,-0.07177649290648319,-0.06022250754667017,-0.09601475240069761,-0.05690117839894821,-0.017050870811120226,-0.011754979374782062,-0.085136902595877,-0.05330855848682823,-0.04461735674245127,-0.08462794892713166
2010-07-01,0.009012911117237152,0.09185315239799369,0.06603129772651141,0.08612148019808538,0.06899625323235851,0.047733793826629366,0.07313956052346605,0.09644467217256443,0.06537695610748376,0.061912254976336636,0.08040675264001396
2010-08-01,-0.0450686809533983,-0.07625364506382416,-0.0618175345514108,-0.04879882974108642,-0.07504708587824023,-0.013302726891225547,0.01638790932817261,-0.011200021161924374,-0.017721485515828098,-0.08095584120899535,-0.040332255410744644
2010-09-01,0.11161419713584324,0.10708866667492056,0.12643993300670542,0.13434010397069826,0.07977702036785793,0.04306204956664003,0.02449411312387227,0.08485069444321935,0.05298088367725504,0.09272459926775387,0.11453063061175425
2010-10-01,0.016375988442687762,0.03848394395023678,0.05410191223644757,0.06819990491405666,0.040355354972848194,0.02483859072312597,0.013098783499672275,0.06015179604897031,0.019781988041696206,0.04413475756507191,0.04977716195790971
2010-11-01,-0.012124703380271027,0.011210390856068245,-0.0011682877732397806,0.05063037763285144,-0.014714275293008078,0.0016852640394525872,-0.029323328096663152,0.02475126008948296,-0.01640366976486001,0.0641872842382753,0.010409624708504947
2010-12-01,0.07338354447681752,0.0677642996724194,0.07406881491582949,0.034705406285376446,0.09107346607893865,0.030446444926951234,0.025373154065535433,0.09063137928880194,0.05141226849515074,0.09326305036727292,0.05150839442463089
2011-01-01,0.02860994251810222,0.03055391681523099,0.05484508650121866,0.002251329212506579,0.020400800479148516,-0.02464132067528902,0.012867841273698104,-0.007224745430100504,0.03542618907044728,0.088255633852059,0.008104254678240948
2011-02-01,0.036268932536825074,0.013049392141612878,0.038495341167375664,0.02082839785329495,0.040376222549083636,0.04394088831473678,0.01090104260026514,0.026906271852795195,0.04064846211676879,0.06399600285328938,0.09929085775589197
2011-03-01,0.034699299079223624,0.03572499791730757,-0.0054911264744938945,0.012241573356871564,-0.012322147614713822,0.01661044387386987,0.00531627550750229,0.02227006394827321,0.0005101664746620728,0.03872278583025715,0.008673960801310372
2011-04-01,0.06784559397451931,0.02543124916910075,0.021933017264330765,0.038949865680889824,0.011303987224628982,0.04243283895943437,0.036001891209407014,0.03860720661359478,0.042318164030040635,0.013155749652714557,0.027025890262074855
2011-05-01,0.007789104858196551,-0.028172396885437805,-0.02030109578436031,0.016447411735419516,-0.023832562107236877,0.02019261188312763,0.014771639479419889,-0.02624063171841211,0.005731759206934717,-0.029670137294466086,0.020334138991308436
2011-06-01,-0.010458811112100902,-0.010785294175706686,-0.04279286191535172,-0.0014708983394775231,-0.025675935319114922,-0.016086779405969302,-0.009837967559302238,-0.02298549661352344,-0.030860892969275678,-0.01531877696751679,-0.0172274594196919
2011-07-01,-0.05657903003576064,-0.08249417977927583,-0.07088099229915495,-0.021272102032239608,-0.04375005481140029,-0.014492085638190617,-0.01570674292505803,-0.03004853406391738,0.00699784823333747,0.01313971599133861,-0.021035660878969076
2011-08-01,-0.05870102269786755,-0.06490483978546807,-0.08195357231927194,-0.05808927385377444,-0.08609468242594474,0.00022867696519926045,0.01772110497226055,-0.07222031575561613,-0.04888504566935003,-0.11558969292391552,-0.09262470518911237
2011-09-01,-0.07326648693810946,-0.10525795540042636,-0.08379906851868515,-0.08404145919935589,-0.09939438533808992,-0.02775808651286779,-0.012164633523822448,-0.18696416945025726,-0.1102113313706226,-0.1693978790991132,-0.12651925392890145
2011-10-01,0.06863613788628002,0.14393166470448743,0.15114430506343052,0.14182335295219559,0.13247410379281901,0.04694953470023496,0.03893275477467969,0.17460144975227607,0.1216811618953641,0.1875448598685011,0.09350718360159295
2011-11-01,-0.008630178361760528,0.01885268684871821,-0.01063902057451217,-0.0052363924298639685,-0.02570551529485268,0.013913123331626665,0.003936393068141907,0.005359568684454955,-0.021523918119933073,0.019053086706675153,-0.020208212798299686
2011-12-01,0.009475125436395181,0.007464841450708781,-0.021343633380327555,-0.02603543524292,0.012459612993771959,0.018391714393554696,0.024391601050604093,-0.0052657841833687324,0.03769227842245543,-0.02298509553117329,0.025892720123553127
2012-01-01,0.07989210400383459,0.08873888198644247,0.1018528055771183,0.07907456764091517,0.05186036261328681,-0.005019288061181544,-0.030573833884998604,0.12198513674054914,0.05695221927982131,0.022155615644386246,0.05083094349221536
2012-02-01,0.023157565526215413,0.025558831184101384,0.05222323042726364,0.05729333901329353,0.05879585356091211,0.02448492518175971,0.005408244580853908,0.010629303410805393,-0.0017532866912050651,0.06190662509276197,0.0401819054098159
2012-03-01,0.03029379303608038,0.02225620660924589,0.035912507587466336,0.0375686663185168,0.04850011818698016,0.036447330209071045,0.009630773346077552,-0.00893906424919865,0.04952745576741747,-0.03835373718196597,0.02099846002935865
2012-04-01,-0.007559888714922244,0.00035527306705451767,-0.03505487114496339,0.00968032913946343,-0.009552821642424778,-0.0007922733149066827,0.01990213733665661,-0.0013194862172429044,0.02298914185410147,-0.0023730527370678252,-0.043714836880116834
2012-05-01,-0.0315854268679127,-0.047634909730134595,-0.11860671874989064,-0.061290562134963526,-0.09033707892460623,-0.012202292249432143,-0.0028349931832930965,-0.09678281068650776,-0.04273300738611649,-0.10957425207718585,-0.06018157380320881
2012-06-01,0.03746062213863195,0.016887404311417043,0.029355912625750703,-0.016489685376850652,0.03666229020478498,0.04615246471556451,0.03837885411797097,0.047800143673154126,0.05896730090446332,0.04228184521390654,0.016088010415276337
2012-07-01,-0.012534638332662034,-0.011439238952686013,-0.00546604199656873,-0.008747169401339181,-5.335252515793225e-05,-0.006742900904670829,0.029181442183805736,0.006815847373078615,0.022421392472557818,0.0627231009967703,0.000456248688123906
2012-08-01,0.029998980280185095,0.023370548097140002,0.04477788114829873,0.04988210196261872,0.03578997130014672,0.012416505005806286,-0.04416287980546691,0.022624328556622317,0.0036280910442536515,0.025506199625647256,0.03540909438132857
2012-09-01,0.042298511419930386,0.015512981874683186,-0.007141253152695491,0.028239999254510234,0.030550612298101278,0.009764822483305381,0.008491509265169334,0.02896327091788835,-0.008860627402760902,0.04428056337423862,0.04185068028444989
2012-10-01,-0.02780493223668979,0.024450373815609425,-0.05910435708729617,-0.0035846427498573254,0.01162548569564285,-0.027787939598737356,0.013586936697135172,0.00461000791466993,-0.008743085704210984,-0.017450424530336885,-0.01956563906943159
2012-11-01,0.020988192826504624,0.01969637226878718,0.026095784892922382,0.03547818294677832,-0.0043229873937818825,0.0339693013362476,-0.04135788159220239,0.0315896384034987,-0.005350397446572557,-0.006400737555911949,0.041651204651278334
2012-12-01,0.007027055072134298,0.03240637681337473,0.03726361714186377,0.004248862175603282,0.021605139348646198,-0.024903515107749758,1.3724257346073252e-05,0.031392358211657465,0.031085405260964746,0.01696592823738217,0.007333928192115313
2013-01-01,0.07929493497476983,0.06211992169174296,0.06012211087592595,0.0626507464310334,0.07546298980028149,0.04251506504101056,0.04500869641571232,0.04314758473579448,0.03350440941165293,0.10267967643915625,0.0851035316711341
2013-02-01,0.008801387034103192,0.01023346551525896,0.01698713608333022,-0.0056201124081064055,0.013024380733360253,0.04735349902257585,0.023464853967684763,-0.02389645391716364,0.009196262541385601,0.006929106878862457,0.048352709399772494
2013-03-01,0.045064486969015126,0.03603839908713678,0.035031218609540955,0.044307718917657266,0.046497390883491696,0.056733786984183535,0.052996258225688236,0.01114489642891102,0.01928620463503551,0.04293673261630557,0.05173348571747357
2013-04-01,0.011341515145370781,-0.0004794568313179019,0.0014605340745642026,0.045371297559770575,0.0158159402951806,0.0226734105388654,0.05712118808731165,-0.004836457529653826,0.053688588928034235,-0.009243126718824227,0.03356156881255397
2013-05-01,0.039987858168031125,0.046313688726067954,0.04632927915952157,0.025291577109213998,0.05262635803563764,-0.02898836064361023,-0.0932646996882805,0.038570273824148384,-0.05548701900275335,0.024451547268798536,0.024137367108289016
2013-06-01,-0.007019254079175901,-0.02997679627979257,-0.022704904568133195,-0.010190984580420864,-0.0006794018113547911,0.006380525255768474,0.006986844724659195,-0.06152522211995386,-0.02462359171802631,-0.034265597791830936,0.01753942911624592
2013-07-01,0.05555982507609574,0.06332535288142467,0.05713574776549119,0.04154940116309686,0.05433611248417742,0.044488021449916176,0.03884949517788135,0.04210838138455793,0.007177988059823284,0.06436734272872062,0.07104883076818534
2013-08-01,-0.013916580268049721,-0.027552105846668177,-0.01495167749709122,-0.007219942519455082,-0.04425250889021847,-0.043405258137391704,-0.05647584329008966,-0.0024098627056449344,-0.06497274064260615,0.003483604097953615,-0.012154459185772036
2013-09-01,0.0474555452399349,0.06360278332548994,0.05952926765927423,0.06071815313925866,0.04163164574387003,0.005157563253504393,0.008728112900394014,0.04623399289199199,0.03584319156005456,0.014337960184977872,0.05888678268904253
2013-10-01,0.0343871114815256,0.052595340208449776,0.02316599385982214,0.03139933700445018,0.0443406387917501,0.058212804649893916,0.0362987704336766,0.03786086845040281,0.02584955970056197,0.05791705767027562,0.05367981660390079
2013-11-01,0.034010236172297086,0.03423734098888809,0.03441640044650886,0.029317149341423796,0.04811707911475264,0.007315181585474763,-0.027215511816081662,0.002331307973022751,-0.045437068339174325,0.009636098121348906,-0.004037724504032068
2013-12-01,0.010858319275941154,0.036296530460582836,0.04371422232954136,0.02320371465767839,0.024080935285664358,0.015887804434089235,0.006918682338688851,0.022735841349318713,0.008530089829806988,0.03593526733672878,0.05853630015541735
2014-01-01,0.016205956140324083,-0.021839540819564563,-0.004133239686321714,-0.05073087512001974,-0.05257843688866211,-0.04430429363376858,0.022345310209478646,-0.03841853801648748,0.03557055496849286,-0.029136108316055998,-0.0031396507099365157
2014-02-01,0.04353788149742868,0.051668675758627464,0.06052819859586781,0.06739001823783726,0.024555522704462922,0.040771256913518975,0.02917007435011732,0.07630176777862312,0.04671799577164332,0.04180914399519975,0.05038640089985051
2014-03-01,-0.010652070388941316,0.004190408677294228,-0.009480554511620137,-0.02440939231037783,0.020397305085243653,0.017575987791224032,0.030377772621286887,0.006818937999787842,-0.006666930480138673,0.025563755968021837,-0.03679887829989546
2014-04-01,-0.02599853595092845,0.000659791382810179,-0.009415255414259301,-0.023853267094697133,-0.025876598040974245,0.013064714951776928,0.03559464664519026,0.010722998652580914,0.02232726765443052,0.05741359222823194,-0.03183330078709089
2014-05-01,0.042890183766211266,0.014158069522367162,0.03529614346868012,0.01629861767630501,0.013862376672681182,0.018567786453542512,-0.009288637942883845,0.003842636882018244,0.03517495521602388,0.022285364803932953,0.06667255845593098
2014-06-01,0.025067676760317247,0.007601665195582065,0.048639443512884066,0.014690006951458464,0.028057653981125176,-0.0005040807698173973,0.043367049981086904,0.020951108386295304,0.01458701403137424,0.05436758952469431,0.02886569573559314
2014-07-01,-0.0008804473416345012,-0.0409408969810648,-0.022359229384849244,-0.02602102786132203,-0.020305962420564663,-0.04047520440325189,-0.07487659974418727,-0.020576459100931206,-0.0010042247046803847,-0.03485974960486428,-0.006307800820334451
2014-08-01,0.039740071488738385,0.04652780673577893,0.057199746623633946,0.0470710959346397,0.0393149269614409,0.06028609667273089,0.04542709126308357,0.041541969034821324,0.033346524909404776,0.03704789425808849,0.016492041997909778
2014-09-01,-0.01285633809363705,-0.028188770200612338,-0.02151600924854539,-0.017186122661234482,-0.008693174858237925,0.0045923940259843385,-0.02941870341704045,-0.04388975694867271,-0.05456422303307512,-0.07609563678940766,-0.030921691994806037
2014-10-01,0.06729956995573277,0.04922053154822318,0.02550248847895954,0.04039909840195173,0.02767602991432514,0.03308463670089568,0.08040502759391956,-0.03079161900407279,0.08720595530091418,-0.05339080645978584,0.007537030942116546
2014-11-01,0.04303551301393807,0.030686943227911684,0.04434408869036701,0.0574534128397444,0.023922463721151383,0.053190302721186355,0.007682592609998546,0.005658603552663249,0.0308064730499548,-0.08295616128228443,0.01036291894118745
2014-12-01,0.002307650957353365,0.008578693018822124,0.0012189558965698798,0.005939334224949785,0.015111426706830086,-0.010173880164153097,0.030093639391091463,-0.01978014324262011,-5.7830966335914276e-05,-0.01776838703031504,-0.012456132425555579
2015-01-01,0.002153829614318706,-0.035991021949605406,-0.03707218118759665,-0.03056850392370134,-0.06538952255751349,-0.0034825964676826436,0.0187535435151504,-0.025693044672799127,0.05710753049232845,-0.03286582767315784,-0.007556091010659137
2015-02-01,0.05489100894197232,0.05413982342259013,0.0956276723063817,0.0707979708324163,0.06359016342728098,0.041651787308044655,-0.06693701461140987,0.09943665512811362,-0.029018704518739617,0.05884666038533379,0.08140697589179387
2015-03-01,0.031525228410607606,-0.008356626926289369,-0.019643867410226563,0.003468802297769009,-0.001589230137905351,-0.007649851443222132,-0.007747961773610048,-0.0445997161953952,0.013942043555416773,-0.006693058611647275,-0.021193209807218262
2015-04-01,-0.027084765049914757,0.0031663051446779913,-0.008043379214212757,-0.013551684196208677,0.004929472647256768,-0.017759862704507443,-0.008144489394068833,0.05264816233157982,-0.04174012724369959,0.066695855802341,0.015456393982556004
2015-05-01,0.049764804911311696,0.0003545794629623693,0.03189223944760894,0.013567659141461507,0.019464752538681417,0.020932090950108083,0.00035367757750222063,0.010618609490275446,0.002771721330522817,-0.05678770671303821,0.027294518701472804
2015-06-01,0.00018233713541916275,-0.018789686867982134,-0.0471268162000475,0.0010648873310469906,-0.0005584853441513612,-0.012937188576790517,-0.0681170885408898,-0.0354108951320546,-0.04408394475532523,-0.02605532394767853,-0.008635013729314316
2015-07-01,0.02647592763994741,-0.00023302262829679935,-0.006234695160667796,0.03966615154551534,0.02732120497031859,0.04027306175763179,0.0550651322721114,-0.058447534001691656,0.0515492194099766,-0.09040560466797774,0.05583479385718115
2015-08-01,-0.07057376298146796,-0.05629342637750207,-0.05594305756028222,-0.051936786082904494,-0.0710505153673823,-0.042071973775637615,-0.04278376525992469,-0.06038620394366865,-0.06766061448310648,-0.06541433981529922,-0.07358727761754272
2015-09-01,-0.06280432068339516,-0.0386795423202139,-0.02119735754607339,-0.030409963853891837,-0.032106587160067014,0.005283385854920488,0.019407972863356743,-0.09639596680927776,0.017873767477265115,-0.10199857887257804,-0.030327215168762123
2015-10-01,0.058687953575443166,0.07677460563284147,0.07561397813681987,0.058213508813094166,0.055541981255922974,0.04108824788266089,0.01140184546088754,0.12964278863324052,0.05790799735159771,0.09860980420849132,0.10728768361524225
2015-11-01,0.018322192594831484,0.011681759340861157,0.01147240606123615,-0.01521153107193608,0.02436676822566365,0.0012497752460899475,-0.020978228465563683,-0.02085168033698112,0.000839265898526273,-0.025473153533183964,-0.013601516945143232
2015-12-01,0.005649286682310376,-0.04338192327373538,-0.022851588627961758,-0.012264159932117649,-0.033411792317475576,0.02219583278108576,0.012978882491383084,-0.06477796728399285,0.010135876225282723,-0.17314790555527435,-0.023247019928429237
2016-01-01,-0.07976563163722951,-0.06667378484026677,-0.09798856861284158,-0.06997403219794072,-0.09466134378528866,0.001127876367656951,0.04283543379549006,-0.08459137262763801,-0.040203440615275754,-0.047788660277804575,-0.026818167866223763
2016-02-01,0.0006191586162954731,0.04779477023370872,0.01567974940213379,0.018341302736816657,-0.017944090684621574,0.006604099233405913,0.018832024817557726,0.07699088914122128,-0.016347436037131593,-0.060025428296347404,-0.03317225949083127
2016-03-01,0.04957253703066797,0.0752844094118118,0.08255423093068713,0.07818220658120736,0.06710898041520667,0.04121045259878454,0.08678338802588348,0.09292542534228075,0.09617652322045613,0.11899451646116148,0.07371894057709596
2016-04-01,0.021858345960214524,0.011018910068120428,-0.03411454815355234,-0.011471595490597597,0.030477170356882063,-0.008727133850115998,-0.02007426149969829,0.06311525160542689,-0.01824798789764225,0.10656016719155689,-0.023199646330141054
2016-05-01,0.01980866618284745,0.01504102186182697,0.049679284698369935,0.003773430374753429,0.027978375090788835,0.013418908538086697,0.018849029440292812,-0.013559997991154444,0.023715482458328056,0.005359679832876923,0.05074950874629678
2016-06-01,0.008332627800658387,-0.007575705813075929,-0.014459725035976092,-0.015143274866751105,-0.05371616135959442,0.052525502900758914,0.06974441011504127,-0.007804461067270783,0.051743824330350026,0.024098941210169825,-0.014220029243161857
2016-07-01,0.0586065421670033,0.04976290506935178,0.05676253222660763,0.05970721252531066,0.04422255938333027,0.0017426869604525777,-0.011674458525486542,0.0423953970578473,0.024213227242022694,-0.02110328254917726,0.04507472929457983
2016-08-01,-0.021675001244847784,0.012879218146008497,0.030421150903425415,0.00010389394942336938,0.04263605671312727,-0.027565390504861058,-0.0644625900801881,-0.02124615853601782,-0.03639157293864576,0.040800980905772694,0.01734287306973683
2016-09-01,0.0006160187124402284,0.0020399061162055636,0.020047715505145187,-0.013412808613921459,-0.013971842220558228,-0.028366245281720843,0.0022619850935632958,-0.006990573285612321,-0.019965863124113453,0.039358923561819754,0.018309355002238018
2016-10-01,-0.07962865324784732,-0.029311264904636918,-0.005642677411759186,-0.03217974692187677,0.0036489639978642447,-0.011854531296640027,-0.0003856558194285201,-0.015077535205796435,-0.05490028993470864,-0.04637513955415106,-0.0202232138003057
2016-11-01,0.01524598509058913,0.09299674207319604,0.03656230364664986,0.04454148268200392,0.09796020546914402,-0.026849123916026667,-0.046777225984045635,0.1011400944508271,-0.02813824625126434,0.10815212490565433,0.024927691625718354
2016-12-01,0.013602964950682937,0.0009606179979239461,0.004498469238604946,-0.0019651020141853025,0.02404108885926976,0.022121903440109097,0.043518515893413004,-0.006510751729062884,0.03849454831773416,0.012420544906075548,0.013546986730713372
2017-01-01,0.043467288083437625,0.029420588010977324,0.04236455210924211,0.04101571400813673,0.014688461673645481,0.0035416762818615754,0.019017444123659653,0.05000721725145736,0.0005962095071164971,-0.03181626720521057,0.0499868575318609
2017-02-01,0.05039104406163266,0.035380894035833416,0.06092954137058322,0.013737064438173324,0.044724101464253894,0.03407356956832985,0.04207748332671636,-0.0029644633805460084,0.0449362691273986,-0.030017384662031486,0.01296897543169658
2017-03-01,0.005392557221772903,-0.0078045337386455395,0.006544995993902861,0.018339437265860264,-0.020235579994378826,-0.010027767054589062,0.0018030279645221063,0.002729887513278336,-0.01572916765581766,0.0005704249272811177,0.021748527974413484
2017-04-01,0.0253503039651577,0.011685708299556929,0.016226812438922787,0.019136175507486454,0.001613683824177615,0.004965809887449957,-0.0003009519675611435,0.005974957349012195,0.00760663438848362,-0.03293661571220278,0.02055546124438852
2017-05-01,0.028405044723995295,0.006272934311419837,0.03766141941543763,0.028211431474066063,0.0006748576744109779,0.020183732014732367,0.029236471194844817,-0.0129811192609459,0.006660855493123384,-0.061095964416539056,0.034637992022865605
2017-06-01,0.038506641545542446,0.016308261843904666,-0.021333676258678217,0.013358872319807173,0.044470335754177095,-0.04205606590224605,-0.020005106216235243,0.012932844426653687,0.012652598866390434,0.0065157301515363095,-0.032962614387211285
2017-07-01,-0.0020571102076043586,0.002687592527435065,0.03515061998996957,-0.008351700683152118,0.02405790469709351,0.010469829412487199,0.029482986549170077,0.02533564008804347,0.017575861929584175,0.017745944937243994,0.04416851760350806
2017-08-01,0.012494233627823172,-0.006713248070451505,0.01703711063378021,-2.885383372211498e-05,-0.020307438050660816,-0.018233769505808354,0.029761390995615398,-0.0015965483829369694,0.010019472664658087,-0.061860939477693715,0.00017078030893368998
2017-09-01,-0.003978983652579395,0.050642459566420106,0.029691095780479747,0.033370972444722556,0.0449880200263597,0.0032605629163915853,-0.027266158020453433,0.04087233469424069,-0.016751084540550524,0.09413694080787098,-0.000347746777743476
2017-10-01,0.010321551962899076,0.026604493523768993,0.05731905287983582,0.00873930127154467,0.02032953686143126,0.003957876785510845,0.03790252740235413,0.03602405929166483,0.007294681577764744,-0.02072293642225341,-0.008197152102521648
2017-11-01,0.032864361427579036,0.04315885742522815,0.02692682772231626,0.05211689622747374,0.036090419036921846,0.05936947984494387,0.027475650175937887,0.015564396191753607,0.024801228121397845,0.0161046131111427,0.03210151412714564
2017-12-01,-0.010750799108015421,0.024156337801071025,-0.010235246275737008,0.023963562934706386,0.00829006970034846,0.030236918500103058,-0.06603823168065526,0.040125415641448774,-0.011174853006908863,0.05652273064693891,0.02811249842795328
2018-01-01,0.07998343886222492,0.04096164140693908,0.07730605858536374,0.0462710801445571,0.05097164578274143,0.027253502766813223,-0.02756744841343921,0.02567531075819766,-0.026607256245799744,0.030329063197329274,0.08240021700695849
2018-02-01,-0.05185652530945724,-0.03848848093012942,0.0019283023857089806,-0.043329928283016336,-0.030503310600655816,-0.062009943049432734,-0.045382505880438635,-0.06203317154530289,-0.07119830574311771,-0.12412952912047803,-0.041491024127641024
2018-03-01,-0.014476026196192532,-0.009801928482471347,-0.00026753135517182635,-0.019213265855858065,-0.025681447451878454,-0.010252460337602177,0.04324045434067604,-0.02909817922714173,0.03430711988413126,0.023469894991545046,-0.03933113538162032
2018-04-01,0.004684439602150643,-0.03585523379482406,-0.015513906411316994,0.01791250001840557,-0.003643465739645444,-0.028313542357339214,0.02575808720912368,0.005059959207481082,-0.0004869555903943675,0.092048076876706,-0.004525961493323051
2018-05-01,0.015178265839549884,0.037309069516298754,0.059937912155835944,0.017127594776344953,-0.003394982677443502,-0.027680043606404955,-0.0072602163752963,0.03039183464884259,0.02270932629220114,0.033454437662417166,0.004013353272403325
2018-06-01,0.018907654081825945,-0.02531961233859291,-0.007291618987755018,0.0029120947339093704,-0.015388277754131248,0.04943761295817504,0.018656519836163503,0.002707363483477895,0.041511642158345886,0.013272765603984287,0.06175915423618925
2018-07-01,0.05291352648393415,0.06882595146974786,0.020179318724784043,0.01447412287274136,0.035315656251983955,-0.025510057240465303,0.014199206480953882,0.01576737772026299,0.00522362226423364,0.017152917220369542,-0.018129988637498647
2018-08-01,0.05135977469522282,0.013439339584273235,0.060961552309376145,0.026485937890968467,0.013503332785535239,0.009135890884496508,0.013505557775245978,-0.014271413536802998,0.024152671861966554,-0.02269806320748555,0.025107303087746453
2018-09-01,0.03125849296518782,0.01008440103773196,-0.00815477926643697,-0.004980663454207282,-0.01987509481436543,-0.005680489949912886,-0.004928248122518329,-0.0038053182027822686,-0.030660288398163905,0.0076844469324704266,0.028571263514864602
2018-10-01,-0.09405033994303107,-0.1270264229522831,-0.12015362473004887,-0.08559983191414725,-0.05621703959470685,0.005505734913723093,0.01217954065534091,-0.08484393288386445,-0.02836709101391405,-0.14405134195114375,-0.045901478386748726
2018-11-01,0.05443769911659231,0.04469020238047919,0.02146895409632535,0.031428278999978625,0.02197031464309204,0.005687827846946072,0.02142187538824689,0.023889635355419124,0.04925749239324412,-0.05635141348940545,-0.023451569543644645
2018-12-01,-0.10590855866014504,-0.1203653049412262,-0.09056334989925124,-0.09615779843122221,-0.11019997598598809,-0.09516100456165622,-0.04314643363651556,-0.088182737926417,-0.08403863418515989,-0.1401255726493689,-0.0950464817194495
2019-01-01,0.07909423463637497,0.10142006127366072,0.10422583200610823,0.10419608665298352,0.08330867804149342,0.0507153762855685,0.031087370313117278,0.06291571190390038,0.10789361306109738,0.13601692080285735,0.10651263438771359
2019-02-01,0.029837555038636585,0.05223042457356915,0.08152083242089675,0.03561054986961991,0.044122718714881035,0.010499538205689184,0.0401617110702838,0.035290468923687916,0.01444942226281367,0.006403586258925226,0.011821008835857022
2019-03-01,-0.0038869520936489622,0.00033681090090421375,0.022270748408989852,0.013720877943669442,-0.01950269404029902,0.040795519790769036,0.026516913122550393,-0.010845639123445085,0.0371946946963931,0.02733907702936751,0.002950806798828197
2019-04-01,-0.021122939127911772,0.05175308018916738,0.06661458864914907,0.042564625194666604,0.08094473778626053,0.03138520806554963,0.012557386121972576,0.01905757805868631,-0.003908471711774077,-0.014964671337313155,0.05139849414188467
2019-05-01,-0.03420724623447176,-0.07926995666257072,-0.11147161383295098,-0.07659536747386607,-0.04791946067666231,-0.05245530990724404,-0.03001130363521385,-0.11092651093577607,0.002854463437245916,-0.14309212338308433,-0.043923901784066535
2019-06-01,0.07364485272823941,0.08847073218655924,0.09203259697979932,0.07172992966267672,0.05963845013114745,0.04256887671983624,0.038501426631015155,0.12256828735230643,0.020125346122405595,0.07895577792183434,0.05930968377332422
2019-07-01,-0.0007486053474958625,0.007949964953522756,0.03137274336331586,0.0045518749496001485,0.0250930766601377,0.01560732859072406,-0.009709446889583796,0.007434840978537426,0.014579336606944205,-0.027972679399834277,0.01631420291545639
2019-08-01,-0.005072117702634382,-0.030575527570030736,-0.02696473876560929,-0.05620226194033244,-0.04186226081836839,0.020272205456381375,0.02276460519532759,-0.06952880223376687,0.037064867868817,-0.12001531513875538,-0.02493155401942968
2019-09-01,-0.008529322648677824,0.029070009412949648,0.004287909350587206,0.0319798298207808,0.03087074196011748,0.020942363325094877,0.035346408056960286,0.05366430902921751,0.016150780878151687,0.04809275190040138,-0.0115874047224498
2019-10-01,0.0367086151605642,0.026626499664096883,0.016823425718966722,0.013742628724872816,0.011412608748851073,-0.016240412221889957,-0.028917293546277693,-0.007970701336855991,0.0029014589845527306,-0.024503475869299664,0.013282985565208922
2019-11-01,0.06776361110194892,0.0427226414581986,0.05762732868020931,0.030024917294584754,0.044641762606824294,0.020774418414629056,-0.017782897401333313,0.037685415882835756,-0.014993618996678303,-0.010615757267452305,0.03386646322801475
2019-12-01,0.020954703365006502,0.00674044143106797,0.03319083558840882,0.025737586443690407,0.012872668718329814,0.028025631791857224,0.03971619568428516,0.03545189002614438,-0.004914466325271374,0.09211742142420967,0.03443248485080261
2020-01-01,-0.016136681736121254,-0.012504401645340748,0.016061582406906867,-0.006716525944119013,-0.003993008970428609,-0.011624695269453877,0.060157463087014265,-0.07995779741391616,0.014120155107823358,-0.14168374124367558,-0.020756279037700998
2020-02-01,-0.05167475274639546,-0.08949628477215461,-0.07652334370833594,-0.09582266879263736,-0.11646422240151831,-0.08651754932821126,-0.11361991055973508,-0.09833791325953013,-0.06990799176288141,-0.1611214883075592,-0.09698324230847938
2020-03-01,-0.0697849496124901,-0.2141790848600158,-0.1486590860914981,-0.3527590408845202,-0.2550510929646146,-0.06847137457984795,-0.14209561879065682,-0.21179502056618474,-0.2614644755307328,-0.6311663376290307,-0.17591936228586358
2020-04-01,0.1319623551931556,0.0901273028275502,0.13787174535544058,0.19374417259820953,0.09511485027316531,0.07962168652216686,0.049395429894188984,0.14365443238355566,0.0912647759347427,0.40077850930275166,0.1025391584745495
2020-05-01,0.0625345864102421,0.062335335391125395,0.07481673803018715,0.09104874207066485,0.044533314889087794,0.035909407790610325,0.029161040196341456,0.06573537615466395,0.008757888549305213,0.013847843543968535,0.08019089673825029
2020-06-01,-0.022049717527245067,0.027110715746854534,0.030978124633179387,0.013950195570062133,0.015681439653441518,-0.006730799498835796,-0.05012402234666496,0.018957896939280055,0.023759583303457062,0.013279045404420825,-0.0014220992365673259
2020-07-01,0.0713252520520515,0.0449819820681686,0.05135107480657966,0.04194931029389472,0.031319076587297455,0.05677760652025458,0.0623208111866845,0.05638422661350442,0.02364666904942466,-0.03435504873723107,0.047451199905937665
2020-08-01,0.005880494507229946,0.08041942215472994,0.04212016079502791,0.1124762601390467,0.029103380637606147,0.043263310945450176,-0.029883748660400493,0.053950172051961905,0.014656075228793464,-0.02038761393872367,0.07541444629923125
2020-09-01,-0.018999127870672098,-0.009365706866477674,-0.026735254807077464,-0.006345264653191069,-0.03182556049138925,-0.03140784735603331,-0.002408803946334474,0.016151461756448094,-0.031371043099277955,-0.17813176076218687,-0.04221128872066366
2020-10-01,-0.016905516897536225,-9.146309365916079e-05,-0.01174612438756251,-0.01629735890564292,-0.0017630991770127414,-0.028024325976094736,0.043135480772143145,0.008180645756400583,-0.031223977389699432,-0.0277982861683307,-0.027353243180507
2020-11-01,0.09074391222191684,0.1353821614593741,0.14986374254564777,0.1510773514118281,0.14174462806894544,0.08514508740106164,0.017823648594630634,0.1372816255321239,0.11686163565993918,0.2782121440283344,0.15761910798820689
2020-12-01,0.029317483652636436,0.018044820515457322,0.06658163171022147,0.03907926628549955,0.060200447591394486,0.012050219377865289,0.0029959141564871172,0.027554567165561508,0.0175346878107858,0.05698339794745116,0.0467719679436843
2021-01-01,0.020187216090132267,-0.04008868518126093,-0.014825701756875875,-0.011752040842520042,-0.023909147419734975,-0.033106553786712026,-0.02242850248238251,-0.009629132627230723,0.0009898999556418218,0.04637970989825196,0.01312942281993912
2021-02-01,-0.018593382313818803,0.06931195747100401,0.03823225888032886,0.08967730289111961,0.09509191766318259,-0.0046679252169506795,-0.06081226904299515,0.07402683898491062,0.04825462153777368,0.19898845359358902,0.08148901655817137
2021-03-01,0.03594737683568446,0.07993344856579829,0.03212995833703601,0.03849889163276001,0.05060248424519351,0.07229930130564446,0.1049956213022195,0.06495153810448596,0.048765794031642676,0.014657054765125976,0.0017182645181019385
2021-04-01,0.05267209933809054,0.038156300644084845,0.029557672656892676,0.053153953780126446,0.07189022796607743,0.025032990161461693,0.03729670211933147,0.05476696239464866,0.08030230579590922,0.013796966256111936,0.03671297373115259
2021-05-01,0.00936196374753276,0.025237603979103445,0.003788364570214612,-0.010552815218681724,0.03134204772691632,0.014044728174297198,-0.02860061127329606,0.057449727505166616,0.013119319150335321,0.07330834103858436,0.0033427970070611305
2021-06-01,0.03156945370698521,-0.013887861511696756,0.03684870313555433,0.0018376790435291632,-0.026822227495308326,-0.01788893299207501,-0.015433735503504192,-0.05999316963256896,0.01604043455179544,0.05090725899344392,0.002493500637359968
2021-07-01,0.05365715410081209,0.016692083438077775,0.02899270453242212,-0.00025285875979015555,0.000990527794823404,-0.004425595855368332,0.027035223655697892,0.01712394724415561,0.05051894610165903,-0.1123101497977637,-0.01239785894204387
2021-08-01,0.023285762129061704,0.01608491884570709,0.02873295033010102,0.01983584527095721,0.04741396953059518,-0.004594532610595858,0.026729658919964795,0.007609647596726923,0.018526577839863993,-0.005829584377833091,0.011298281044560144
2021-09-01,-0.057396878100295756,-0.05756091968013018,-0.05638053045198399,-0.03357141222014098,-0.02834856227714841,-0.03429633648676557,-0.06530405513892502,-0.06631087650533563,-0.05416433992175158,0.10996885374289901,-0.019312531469317405
2021-10-01,0.03109134554112906,0.06299121802026568,0.06177167140689729,0.053570134616287235,0.062419720525791755,0.021537014445326547,0.043330673139452186,0.07716346312300072,0.060450179119983266,0.08861396983052122,-0.007140280163717155
2021-11-01,-0.04757430710962678,-0.027341652181756333,0.012023447366145638,-0.025218124116287887,-0.05488555152711384,-0.007772067296991994,-0.02281994510814685,-0.009507824076910516,-0.017271562007435192,-0.0649666986188669,-0.06683999414421432
2021-12-01,0.0823615008672744,0.05199361795368255,0.04294161660930936,0.0443490745885879,0.03921552670532451,0.08938792468570002,0.09364350030701638,0.07641676478502867,0.08804787566870893,0.02879379875090676,0.03832651000506366
2022-01-01,-0.08826432174802852,-0.07085700114954345,-0.10483518696040936,-0.08380156236850934,-0.006148851719042706,-0.011521067883147176,-0.015778315329449424,-0.06697024845695008,-0.07303827693610283,0.15841322315099668,-0.02972762776151233
2022-02-01,0.0016491832172907878,-0.020965109552171436,-0.038263188858234244,-0.03542806192110586,-0.01648031508342208,-0.005749805668056445,-0.026127434154732447,0.023426237827016486,-0.0413586728535931,0.07019716641209844,-0.01109523105134453
2022-03-01,0.0316955755408914,0.021630277455386558,0.025854452495750746,-0.021934166119082363,-0.0006872973571985942,0.0172219028272344,0.09346524317965145,0.06732827307701182,0.06084395351818122,0.11082004650179762,-0.013885317009110503
2022-04-01,-0.08309772568467119,-0.06536631394790972,-0.1080882237977789,-0.058311172498493644,-0.10108907013748283,0.031116840648600527,-0.028774015645992284,-0.03887414246455232,-0.037475100890226334,-0.016364675481433864,-0.17295111392161036
2022-05-01,0.007610826797065398,-0.004559363252584786,0.011733278267398405,-0.039908303236765495,0.02791063282296948,-0.04033033896091511,0.041807299424845144,0.015373800746425349,-0.04949157722571854,0.14540024687160763,0.02382635810049877
2022-06-01,-0.05898053861287851,-0.09394819193759411,-0.1110338634556813,-0.1405923564685287,-0.10312151412176726,-0.02422526206189089,-0.07393791080810376,-0.17896959914878138,-0.09430981720441893,-0.2214412831752343,-0.11570962908019779
2022-07-01,0.06005313797697251,0.10794623037291358,0.13010590530974017,0.11883491654860222,0.06267914030522549,0.034999551652984094,0.050490210673906764,0.07344976335173051,0.08283361930860393,0.07877987515579994,0.04744942314734943
2022-08-01,-0.06715758358136505,-0.04094262255306568,-0.04785303827656127,-0.030864887847082408,-0.018025715193009693,-0.021433902842197775,0.008511479929297938,-0.021128491571341793,-0.057732577333496425,0.03899499303833484,-0.04270191470221761
2022-09-01,-0.05880781405597562,-0.09847605355061892,-0.11607999136785126,-0.1020966600897615,-0.0809549340618334,-0.08449289300458528,-0.12326664333153277,-0.10640959718323982,-0.12478599563097856,-0.12091611841407174,-0.12917371396841554
2022-10-01,0.08792895213125111,0.10841313506978698,0.07782485911268998,0.09952407833425889,0.10871852419916704,0.0893836642682413,0.03682793154014734,0.09235147054612733,0.030083075395761678,0.21310095450920405,0.04921209453127739
2022-11-01,0.05808309665837809,0.06806235083746555,0.07271730743826857,0.09359078125392106,0.058739421899095784,0.03950280477426174,0.06548164297576982,0.09707649954904857,0.05847485347837401,0.015370028669645264,0.059487657892535475
2022-12-01,-0.019998513608905248,-0.045316564476452006,-0.08273437434070378,-0.07753786653317887,-0.05737716160104047,-0.03304087589089004,-0.018962136350780784,-0.07096180521802621,-0.0641013715510134,-0.0515676103530212,-0.07450372939990553
2023-01-01,0.019802291839693398,0.06601182376334042,0.09193384976614112,0.12077056001228699,0.07825493962242328,-0.0037771235803349184,-0.004252474727040881,0.10229569515249964,0.0898661438290868,0.02705267413571799,0.14511300437492444
2023-02-01,-0.04282652108405673,-0.006592223559622014,-0.011812227045409919,-0.030785486645751696,-0.027585053705128294,-0.02186365176846129,-0.06186925976324865,-0.03462705478328155,-0.05883976342136223,-0.07228849800773708,-0.06144079157205078
2023-03-01,0.017030260672152513,-0.0022745840365409366,0.05130188363798779,0.00534551190673208,-0.09614527307044954,0.02600841971196579,0.03948260888469759,-0.03493091726004907,-0.04545026451141706,-0.01845289273112708,0.03164373047231134
2023-04-01,0.02386609221964848,-0.007359885353985854,-0.048135034945003506,0.009434484156669268,0.008344911521214372,0.03050084246331497,0.016283765130314966,-0.011084054841878029,0.01736957792846949,0.014426860622944517,0.0033385246825491004
2023-05-01,-0.06616064050367192,-0.02974873617638404,0.062455527485235876,-0.05134650439627716,-0.06006897873278905,-0.06381551262000187,-0.062214308769876464,-0.08367035489757971,-0.05019029244032792,-0.10014813687319597,-0.02077698790659767
2023-06-01,0.05771467942455921,0.12182559558467249,0.059553984935328576,0.11649115349497918,0.060827295707307646,0.014417158639760877,0.022383511499200915,0.10568920975466863,0.05991373875786038,0.08137374216762908,0.06222255508412721
2023-07-01,0.0030281839937217826,0.024155986472024393,0.036919284594528236,0.03190493344871017,0.05510298950663382,0.012203711878043559,0.029371955579683383,0.030642184645429952,0.021856228253338293,0.10089343856450253,0.011934810427097918
2023-08-01,-0.03576114369832734,-0.024592753388152307,-0.014270656350552798,-0.05499215267836679,-0.038129798000798264,-0.055555251879609045,-0.06380853213265852,-0.041044593250623096,-0.035519639155248105,0.01033211063482557,-0.00875557350210321
2023-09-01,-0.05335946009819333,-0.0646095680672591,-0.050924889426232786,-0.06077524568874689,-0.0294509374354683,-0.06761247551158696,-0.05095954976640287,-0.06114445911794748,-0.0823042291278054,0.0011979490390887867,-0.06004082675276685
2023-10-01,-0.07502983815381367,-0.04351683283554489,-0.05198010915761903,-0.06133069366902906,-0.02558284648642509,-0.035193892210756306,0.009340441011715465,-0.05865066784942554,-0.03983242934027954,-0.026171685352700945,-0.02188681132123185
2023-11-01,0.07757584237492099,0.09225040117388057,0.12359457278674892,0.09494056259436788,0.10736948263072947,0.04465074138208893,0.052728540569084506,0.07058184736797346,0.09905962062725428,-0.013026753557198656,0.06986380603365859
2023-12-01,0.07819947968969819,0.0746152432818056,0.07100513749015952,0.08643542545471727,0.06131236215623332,0.03113065468480368,0.01895200884386389,0.06101253332073134,0.08879695610776063,-0.004155986620407531,0.04361716027431989
2024-01-01,0.005477830135166214,-0.010954195345150654,0.01220803999360021,-0.016403612363076716,0.012637025506549528,-0.01028446965526926,-0.03175904540287556,-0.05906690105626338,-0.05043376035145974,-0.028856876106827956,0.02767130100521701
2024-02-01,0.022544166725365064,0.0672543337733598,0.058283719694801145,0.06233100827890118,0.02736657537253018,0.017810910651391672,0.015411071116698136,0.05341257141972606,0.010937656618163342,0.036564383959483485,-0.024445180346279415
2024-03-01,0.03017908560776718,0.04226778513681896,0.023144759360873676,0.0315227135143335,0.05220218164707932,0.04239127607767229,0.06321380206255775,0.06833163785554527,0.02452267968087505,0.10347055020363462,0.02820435202647535
2024-04-01,-0.07056361117088963,-0.04797463813714903,-0.061649379380077945,-0.07469972045466064,-0.06159669777193572,-0.02857712114905718,0.011690794170370802,-0.05314191837898909,-0.059119288043901534,-0.021653613759883197,-0.06583784631184052
2024-05-01,0.013514695572637795,0.010301502546756106,0.031778298916346315,0.020591439484222762,0.029801030585813088,-0.011781370405381866,0.06631938457600828,0.029512105175737734,0.03253211899801699,-0.0015387753025516949,0.06804141093659753
